title,score,upvote_ratio,num_comments,author,subreddit,url,permalink,created_utc,is_self,selftext,flair,domain,search_query
/r/movies Giveaway - 5 Limited Edition 4 UHD Steelbooks of 'Cheech and Chong's Last Movie',25,0.67,70,MoviesMod,movies,https://i.redd.it/2dkc7okj8gyf1.png,https://reddit.com/r/movies/comments/1okup2i/rmovies_giveaway_5_limited_edition_4_uhd/,1761917520.0,False,"As a follow-up to the AMA/Q&amp;A we did with Cheech &amp; Chong a few months ago for their latest film, **Cheech and Chong's Last Movie**, we are happy to announce a community giveaway (courtesy of the Keep' Smokin' team) of 5 4K UHD limited edition steelbooks of the film exclusively on r/movies.

Cheech and Chong AMA:

[https://www.reddit.com/r/movies/comments/1k6riqi/hey\_man\_were\_cheech\_and\_chong\_were\_doing\_one\_of/](https://www.reddit.com/r/movies/comments/1k6riqi/hey_man_were_cheech",Announcement,i.redd.it,
Official Discussion Megathread (Bugonia / Blue Moon / If I Had Legs I'd Kick You / Ballad of a Small Player) plus throwback discussions,26,0.77,0,LiteraryBoner,movies,https://www.reddit.com/r/movies/comments/1okir4q/official_discussion_megathread_bugonia_blue_moon/,https://reddit.com/r/movies/comments/1okir4q/official_discussion_megathread_bugonia_blue_moon/,1761876940.0,True,"**New In Theaters**:

* [Bugonia](https://www.reddit.com/r/movies/comments/1okihoi/offcial_discussion_bugonia_spoilers/?)
* [Blue Moon](https://www.reddit.com/r/movies/comments/1okihrc/official_discussion_blue_moon_spoilers/?)
* [If I Had Legs I'd Kick You](https://www.reddit.com/r/movies/comments/1okihu6/official_discussion_if_i_had_legs_id_kick_you/?)

**25th Anniversary Throwback Discussion Threads**:

* [Book of Shadows: Blair Witch 2](https://www.reddit.com/r/movies/comments/1okihyi/officia",Official Discussion,self.movies,
"Lee Weaver, Actor in ‚ÄòO Brother, Where Art Thou,‚Äô ‚ÄòDonnie Darko‚Äô, 'The 40-Year Old Virgin', Dies at 95",2101,0.96,83,BunyipPouch,movies,https://www.forbes.com/sites/marcberman1/2025/11/01/lee-weaver-veteran-character-actor-dies-at-95/,https://reddit.com/r/movies/comments/1omlk8q/lee_weaver_actor_in_o_brother_where_art_thou/,1762100424.0,False,,News,forbes.com,
Adventures in Babysitting (1987) - Subway scene- directed by Chris Columbus,1318,0.9,180,EuphoricButterflyy,movies,https://v.redd.it/bk3d6ebqruyf1,https://reddit.com/r/movies/comments/1omigtn/adventures_in_babysitting_1987_subway_scene/,1762093188.0,False,,Media,v.redd.it,
Ghost Dog: How To Face Absurdity,420,0.9,85,JibunNiMakenai,movies,https://youtu.be/l9U12Dprt3w?si=20rwnCfe_iIIEsFO,https://reddit.com/r/movies/comments/1omic1u/ghost_dog_how_to_face_absurdity/,1762092863.0,False,,Recommendation,youtu.be,
"""Jacob's Ladder"" on its 35th anniversary | An unusual hybrid of war drama and psychological horror that still holds up",124,0.96,15,Amaruq93,movies,https://www.polygon.com/jacobs-ladder-35th-anniversary-tim-robbins-horror/,https://reddit.com/r/movies/comments/1omqwhg/jacobs_ladder_on_its_35th_anniversary_an_unusual/,1762112903.0,False,,Article,polygon.com,
I don't get the hate for Tenet,213,0.6,697,Skalz__,movies,https://www.reddit.com/r/movies/comments/1omm7zy/i_dont_get_the_hate_for_tenet/,https://reddit.com/r/movies/comments/1omm7zy/i_dont_get_the_hate_for_tenet/,1762101976.0,True,"I do understand that it's not considered a really good film (although I personally like it), but as it seems most people think it's trash, which I don't get. Sure, I initially didn't understand how some of the scenes took place, but after reading a bit, I got it and understood the movie better. I like movies that make me think a lot about them afterwards, and Tenet definitely did. The only flaws I found were that the acting was weak in some spots and the dialogue was unnecessarily long sometimes",Discussion,self.movies,
'Nuremberg' - Review Thread,1067,0.92,250,ChiefLeef22,movies,https://www.reddit.com/r/movies/comments/1omb7cj/nuremberg_review_thread/,https://reddit.com/r/movies/comments/1omb7cj/nuremberg_review_thread/,1762068514.0,True,"*As the Nuremberg trials are set to begin, a U.S. Army psychiatrist gets locked in a dramatic psychological showdown with accused Nazi war criminal Hermann G√∂ring*

Director: James Vanderbilt

Cast: Russell Crowe, Rami Malek, Michael Shannon, Richard E. Grant, John Slattery, Colin Hanks

**Rotten Tomatoes:** [67%](https://www.rottentomatoes.com/m/nuremberg_2025)

**Metacritic:** [60 / 100](https://www.metacritic.com/movie/nuremberg/)

Some Reviews:

[TheWrap - Matthew Creith](https://www.thewrap",Review,self.movies,
The Sin of Adam &amp; Eve (1969)- Adam makes Eve cry scene. Featuring Mexican actor Jorge Rivero &amp; American actress Candy Wilson- directed by Miguel Zacarias,3506,0.88,403,EuphoricButterflyy,movies,https://v.redd.it/s374a3qepqyf1,https://reddit.com/r/movies/comments/1om3uyc/the_sin_of_adam_eve_1969_adam_makes_eve_cry_scene/,1762044010.0,False,"‚ÄúThe film, directed by Miguel Zacar√≠as, retells the biblical story of Adam and Eve. Mexican actor Jorge Rivero played Adam, while newcomer Candice 'Candy' Wilson played Eve. There are no other actors in the film. The movie is largely silent, with the actors gesturing and calling each other's names to communicate. The film has some opening narration, as well as the voice of God saying a few phrases from the heavens.

The film gained notoriety because Rivero and Wilson appear fully nude throughout",Media,v.redd.it,
Recommendations for movies with gentle male heroes?,378,0.83,573,yoursweetbabybrother,movies,https://www.reddit.com/r/movies/comments/1omeja2/recommendations_for_movies_with_gentle_male_heroes/,https://reddit.com/r/movies/comments/1omeja2/recommendations_for_movies_with_gentle_male_heroes/,1762081531.0,True,"Sometimes it feels like most movies with male heroes focus on action, violence, fighting, shooting etc.
On top of this there seems to be an upsurge in movie heroes who start off meek and ordinary but then turn into John Wick when their families (or whatever) are threatened.

What are some good movies with male leads that solve their problems without ever resorting to aggression but rather through being morally good, steadfast, kind, thoughtful, quiet, cautious, or clever? (Although not clever in",Discussion,self.movies,
"Midnight Run (1988, dir. Martin Brest) Robert DeNiro visits his ex-wife and daughter",45,0.85,8,LiteraryBoner,movies,https://v.redd.it/no86mrbagwyf1,https://reddit.com/r/movies/comments/1omrb9a/midnight_run_1988_dir_martin_brest_robert_deniro/,1762113856.0,False,,,v.redd.it,
'Bugonia's' Production Designer on Building the House and Hiding Clues,28,0.83,0,EThorns,movies,https://variety.com/2025/film/news/bugonia-ranch-house-basement-alien-ship-1236566985/,https://reddit.com/r/movies/comments/1ompi8x/bugonias_production_designer_on_building_the/,1762109623.0,False,,Article,variety.com,
Pirates of the Caribbean: The Curse of the Black Pearl is still fun to watch,2053,0.84,340,FreshmenMan,movies,https://www.reddit.com/r/movies/comments/1olu4uu/pirates_of_the_caribbean_the_curse_of_the_black/,https://reddit.com/r/movies/comments/1olu4uu/pirates_of_the_caribbean_the_curse_of_the_black/,1762019241.0,True,"What are your thoughts on The Curse of the Black Pearl?

I decided to rewatch The Curse of the Black Pearl and I must say, I loved this film as a kid, I still love it as an adult. It‚Äôs such a fun, compelling adventure film. The Special Effects I feel still hold up,¬†and the Big Action Pieces are great to watch. What I also found with this film is that I feels a little more grounded than the sequels, which I feel dial it up but I like 2 and 3, 4 is okay, 5, I just didn‚Äôt like.

The Cast is great. ",Discussion,self.movies,
"The Sting (1973, dir. George Roy Hill) ‚Äì Henry Gondorff (Paul Newman) plays high-stakes poker with crime boss Doyle Lonnegan (Robert Shaw).",715,0.92,58,SanderSo47,movies,https://v.redd.it/hyn5o1dsbqyf1,https://reddit.com/r/movies/comments/1om29v6/the_sting_1973_dir_george_roy_hill_henry_gondorff/,1762039548.0,False,,Media,v.redd.it,
Christopher Nolan's 'The Odyssey' Owns All The IMAX Screens for an Unprecedented Month,7653,0.96,611,Bitter_Star6732,movies,https://nofilmschool.com/christopher-nolans-imax-screens,https://reddit.com/r/movies/comments/1oll073/christopher_nolans_the_odyssey_owns_all_the_imax/,1761994864.0,False,,News,nofilmschool.com,
The Toxic Avenger 1984,956,0.86,127,sayitlikeyoumeenit,movies,https://www.reddit.com/r/movies/comments/1olzna3/the_toxic_avenger_1984/,https://reddit.com/r/movies/comments/1olzna3/the_toxic_avenger_1984/,1762032701.0,True,"https://youtu.be/pP_wfJLkZOE?si=DuedZ8bQNDQol93q 

A cult classic.
- Like swamp thing but with more tits! 
-What you‚Äôre about to watch fall under the category of so bad it‚Äôs good.
- a chronically bullied mop boy falls into toxic waste giving him the power to seek revenge.
-Peter Dinklage will be remaking this movie, and I have very high hopes.",Media,self.movies,
"What film, for you, represents the true end of the ""Old Hollywood"" studio system?",72,0.83,68,Comfortable_Kale7997,movies,https://www.reddit.com/r/movies/comments/1omemuf/what_film_for_you_represents_the_true_end_of_the/,https://reddit.com/r/movies/comments/1omemuf/what_film_for_you_represents_the_true_end_of_the/,1762081907.0,True,"There's endless (and great) discussion about what film started ""New Hollywood""‚Äîusually a debate between Bonnie and Clyde (1967) or The Graduate (1967).

But I'm more interested in the other side of that coin: 

What movie was the last great gasp of ""Old Hollywood""?

I'm talking about a film, released in the 1960s, that was still operating 100% on the old rules: a massive-budget roadshow musical, a star-studded historical epic, or a glossy studio comedy that felt like it was beamed in from 1955.
",Discussion,self.movies,
I Don‚Äôt Understand the Hate for Eddington.,29,0.56,134,ZombieFluid6904,movies,https://www.reddit.com/r/movies/comments/1omkcad/i_dont_understand_the_hate_for_eddington/,https://reddit.com/r/movies/comments/1omkcad/i_dont_understand_the_hate_for_eddington/,1762097634.0,True,"I watched Eddington last night and thought it was a very solid film. It was original and ambitious, which is more than can be said for the majority of movies coming out these days. I‚Äôve read reviews that have called it ‚Äúsoulless‚Äù and ‚Äúbland‚Äù which I can‚Äôt begin to understand; we see a man losing everything he holds dear due to hubris and his own unrecognized ignorance. His trajectory might not be a literal battle for his soul, but it‚Äôs not too far from it. In regards to a bland aesthetic or blan",Discussion,self.movies,
Adam Greenberg Dies: Oscar-Nominated ‚ÄòThe Terminator‚Äô Cinematographer Was 88,922,0.95,23,MarvelsGrantMan136,movies,https://deadline.com/2025/11/adam-greenberg-dies-88-1236604687/,https://reddit.com/r/movies/comments/1olyogx/adam_greenberg_dies_oscarnominated_the_terminator/,1762030247.0,False,,News,deadline.com,
Mary Shelley's Frankenstein (1994) - Elizabeth is Brought to Life Scene,18,0.62,26,NicolasCopernico,movies,https://www.youtube.com/watch?v=FT5VSdCQlbA,https://reddit.com/r/movies/comments/1omn2bq/mary_shelleys_frankenstein_1994_elizabeth_is/,1762103924.0,False,,Media,youtube.com,
"The car chase from William Friedkin's ""To Live and Die in L.A."" (released on Nov 1st, 1985). Stunt coordinator Buddy Joe Hooker was told by Friedkin that if they could come up with a chase better than the one in ""The French Connection"" then it would be in the film.",451,0.89,56,Amaruq93,movies,https://v.redd.it/gjbr5dl3cqyf1,https://reddit.com/r/movies/comments/1om2csr/the_car_chase_from_william_friedkins_to_live_and/,1762039777.0,False,,Media,v.redd.it,
"Corpse Bride (2005) Dir. Tim Burton &amp; Mike Johnson - ""Remains of the Day""",463,0.89,15,EuphoricButterflyy,movies,https://v.redd.it/v4c6lvpb2qyf1,https://reddit.com/r/movies/comments/1om10rx/corpse_bride_2005_dir_tim_burton_mike_johnson/,1762036216.0,False,,Media,v.redd.it,
"Since 2001, Cannes Film Festival has awarded the whimsical ""Palm Dog"" prize to the best canine performance.",56,0.86,7,Electrical_Mine,movies,https://www.reddit.com/r/movies/comments/1omdcow/since_2001_cannes_film_festival_has_awarded_the/,https://reddit.com/r/movies/comments/1omdcow/since_2001_cannes_film_festival_has_awarded_the/,1762077076.0,True,"Palm Dog awards were created as a playful nod to the Palme d'Or, but it celebrates dogs who steal the show, making it a beloved tradition among festival-goers and film fans alike. The award honors both live and animated dogs with a distinctive leather dog collar inscribed ""[Palm Dog](https://dogwithblog.in/palm-dog-award/)."" It has grown into a beloved tradition among critics and film lovers, highlighting dogs that share the screen with human stars and sometimes steal it altogether.",Article,self.movies,
DC‚Äôs ‚ÄòClayface‚Äô Wraps Filming,1446,0.94,178,MarvelsGrantMan136,movies,https://maxblizz.com/dcs-clayface-has-wrapped-filming-confirms-tom-rhys-harries/,https://reddit.com/r/movies/comments/1olq0dy/dcs_clayface_wraps_filming/,1762009285.0,False,,News,maxblizz.com,
Actors who's accents were so good that you never realized they were from somewhere else?,1462,0.91,1991,mgsgamer1,movies,https://www.reddit.com/r/movies/comments/1olpsbd/actors_whos_accents_were_so_good_that_you_never/,https://reddit.com/r/movies/comments/1olpsbd/actors_whos_accents_were_so_good_that_you_never/,1762008729.0,True,"Who are some actors that you thought were from somewhere (e.g. American) only to later find out they weren't (e.g. Irish)?

For me, it's Matthew Rhys and Toni Collette, the two I can think off the top of my head at this moment.

Matthew Rhys did such a great job in The Americans that I just assumed he was an American. I never noticed an accent slip. There's certain words that UK/Aussie's usually slip on if their accent skill isn't perfected.

Toni Collette for just everything I've seen her in. I",Discussion,self.movies,
Best Movies You Saw October 2025,18,0.85,33,XNet,MovieSuggestions,https://www.reddit.com/r/MovieSuggestions/comments/1olqvpu/best_movies_you_saw_october_2025/,https://reddit.com/r/MovieSuggestions/comments/1olqvpu/best_movies_you_saw_october_2025/,1762011428.0,True,"What were your movie highlights last month?

I define great movies to be **8+** or if you abhor grades, the **top 20%** of all movies you've ever seen.

Films listed by posters within this thread receive a **Vote** to determine if they will appear in the subreddit's **Top 100**, as well as the ten highest Upvoted Suggested movies from last month.

# The Top 10 highest upvoted suggestion posts from last month were:

|\#|Title|Upvotes|
|:-|:-|:-|
|1|*Children of Men* (2006)|600|
|2|*Gattaca* (1997",,self.MovieSuggestions,
Using This Subreddit,606,0.99,0,Tevesh_CKP,MovieSuggestions,https://www.reddit.com/r/MovieSuggestions/comments/8iamsh/using_this_subreddit/,https://reddit.com/r/MovieSuggestions/comments/8iamsh/using_this_subreddit/,1525910060.0,True,"#Community Guidelines
1. [Be excellent with each other](https://www.reddit.com/r/MovieSuggestions/wiki/index). 

2. Be mindful regarding spoilers. Reddit's universal \&gt;!Spoiler Tags!&lt; are mandatory when discussing plot details of movies.

3. If you wish to be banned, do any of the following: Be rude, harass, ignore the subreddit's rules, promote your site/blog/article/channel/etc., promote your app/company, or post about a movie you worked on. [This subreddit isn't your link farm.](https:/",Announcement,self.MovieSuggestions,
Movies like the naked gun or Airplane!,59,0.96,248,Dull_Yesterday4532,MovieSuggestions,https://www.reddit.com/r/MovieSuggestions/comments/1ommb5a/movies_like_the_naked_gun_or_airplane/,https://reddit.com/r/MovieSuggestions/comments/1ommb5a/movies_like_the_naked_gun_or_airplane/,1762102182.0,True,"I love classic comedies like The Naked gun( All 3 movies), Airplane!, Scary movie. Please suggest something similar. Thank you in advance! :) ",I'M REQUESTING,self.MovieSuggestions,
"I'm gonna get high and watch movies all day, what are some must watch (non stoner) movies?",13,0.88,41,Weekly-Scientist-992,MovieSuggestions,https://www.reddit.com/r/MovieSuggestions/comments/1omrkw1/im_gonna_get_high_and_watch_movies_all_day_what/,https://reddit.com/r/MovieSuggestions/comments/1omrkw1/im_gonna_get_high_and_watch_movies_all_day_what/,1762114466.0,True,"Not looking for any stoner movies and nothing that's a painfully slow burn, anything else is fair game.  I have no other specifics, but here are some of my favorite movies that I loved to watch high.

After hours  
The man from earth  
Gone Girl  
American beauty  
Magnolia  
Split  
Anora  
A clockwork orange  
Predestination  
Dog Day Afternoon  
Silence of the lambs  
Nightcrawler",I'M REQUESTING,self.MovieSuggestions,
Going through a very tough time in life... need a motivational inspiring movie to make me feel less stressed,20,0.89,61,Titaniumballsionium,MovieSuggestions,https://www.reddit.com/r/MovieSuggestions/comments/1omjwac/going_through_a_very_tough_time_in_life_need_a/,https://reddit.com/r/MovieSuggestions/comments/1omjwac/going_through_a_very_tough_time_in_life_need_a/,1762096611.0,True,"Ik a fictional piece of media can't change your life but atleast it's a good way of making you feel better during rough times isn't it?

Examples: shawshank redemption

i watched it 2 yrs ago and it pumped me back then rewatching it rn and need to do a motivational movie marathon in a single day....

my story in brief: you can skip if u want to

 failed my medical entrance exam in my 3rd world country and also lost my dad 2 months ago

if one thing wasn't bad enough another thing happened to sha",I'M REQUESTING,self.MovieSuggestions,
Looking for a movie that makes me feel super uncomfortable?,47,0.91,371,Ready-Movie5142,MovieSuggestions,https://www.reddit.com/r/MovieSuggestions/comments/1omdmbg/looking_for_a_movie_that_makes_me_feel_super/,https://reddit.com/r/MovieSuggestions/comments/1omdmbg/looking_for_a_movie_that_makes_me_feel_super/,1762078099.0,True,For reference this could be anywhere between Requiem for a dream (2000) (this really got me) to something like Saw (2004).  Would love any recommendations on anything f***ed up that will get me feeling scared/uncomfortable. Give me your worst.,I'M REQUESTING,self.MovieSuggestions,
"I'm looking for ""fun"" horror/slasher films",8,0.72,49,Chicken_Smut,MovieSuggestions,https://www.reddit.com/r/MovieSuggestions/comments/1omoy63/im_looking_for_fun_horrorslasher_films/,https://reddit.com/r/MovieSuggestions/comments/1omoy63/im_looking_for_fun_horrorslasher_films/,1762108323.0,True,"I'm looking for ""fun"" horror or horror comedy movies. I'm looking for more recent stuff, but am not opposed to older classics.

So far on my list are movies like:

* Ready or Not
* The Final Girls
* Scouts Guide to the Zombie Apocalypse
* Zombeavers
* Zombie land (both)
* Shaun of the Dead
* Night of the Living Dead
* Mayhem
* Tucker and Dale vs Evil
* Frakenhooker",I'M REQUESTING,self.MovieSuggestions,
V for Vendetta - rewatch,15,0.89,7,nintendotimewarp,MovieSuggestions,https://www.reddit.com/r/MovieSuggestions/comments/1omkjym/v_for_vendetta_rewatch/,https://reddit.com/r/MovieSuggestions/comments/1omkjym/v_for_vendetta_rewatch/,1762098133.0,True,"I think this is a very fascinating time in the world when we can look back at a film, intended to show us the importance of staying aware and vigilant in the face of authoritarian ideologies. Specifically as they seek to control what we can do or even what we are allowed to think (ie: express)

When I watched this years ago, it was almost a dystopian future film. It hits so much differently now and had a few moments. I felt myself getting emotional thinking about the implications of our own curr",I'M SUGGESTING,self.MovieSuggestions,
Need horror recs,6,0.88,56,LongJumping_Map7161,MovieSuggestions,https://www.reddit.com/r/MovieSuggestions/comments/1omozqq/need_horror_recs/,https://reddit.com/r/MovieSuggestions/comments/1omozqq/need_horror_recs/,1762108429.0,True,"I‚Äôm 13M and need some horror movies to watch. My parents have some pretty weird rules.

So basically, I‚Äôm allowed a lot of blood and gore depending on the depiction and violence

NO nudity. Literally nothing even if it isn‚Äôt sexual (Non-Sexual but is the one exception.)

I‚Äôve only seen one slasher: the children of the corn before but The goriest thing I‚Äôve seen was the thing and idk the scariest I‚Äôve seen. They don‚Äôt care about scares. If it‚Äôs not inappropriate and not bad by their terms I can w",I'M REQUESTING,self.MovieSuggestions,
Movies with big plot twists.,4,1.0,15,TrendyBreakfast,MovieSuggestions,https://www.reddit.com/r/MovieSuggestions/comments/1omrwrq/movies_with_big_plot_twists/,https://reddit.com/r/MovieSuggestions/comments/1omrwrq/movies_with_big_plot_twists/,1762115243.0,True,"As the title states, I'm looking for movies that have big plot twists. So far I have watched The Sixth Sense and Primal Fear. Both are great movies. Any genre is welcome.",I'M REQUESTING,self.MovieSuggestions,
Movies with deeply unsettling characters/scenes,4,0.84,18,Such-Confusion-438,MovieSuggestions,https://www.reddit.com/r/MovieSuggestions/comments/1omnyev/movies_with_deeply_unsettling_charactersscenes/,https://reddit.com/r/MovieSuggestions/comments/1omnyev/movies_with_deeply_unsettling_charactersscenes/,1762105987.0,True,"Hi everyone! I'm looking for movies like **David Lynch**'s or **Kurosawa**'s ones... specifically movies that revolve around a feeling of uncanniness and characters with a unique and disturbing appearance. Kinda like **The Babadook**'s Babadook too. 

Thanks in advance.",I'M REQUESTING,self.MovieSuggestions,
Movies to watch with friend coming out of a relationship,3,1.0,7,boss_super,MovieSuggestions,https://www.reddit.com/r/MovieSuggestions/comments/1omrg0m/movies_to_watch_with_friend_coming_out_of_a/,https://reddit.com/r/MovieSuggestions/comments/1omrg0m/movies_to_watch_with_friend_coming_out_of_a/,1762114158.0,True,"I (m) am having my friend (f) round next weekend to do a movie marathon. We do these fairly frequently and watch 2-3 movies. She is going through a break up and ""half"" jokingly said she'd like to watch a few movies where the boyfriend dies. No reddit worthy reason for the breakup, but they do live together and it's been rough.

After a quick Google for movies where the bf dies showed me romance movies like Titanic and The Notebook I thought I'd try here.

I don't think dying is necessary as long",I'M REQUESTING,self.MovieSuggestions,
People in comical crisis,9,0.92,24,dks042986,MovieSuggestions,https://www.reddit.com/r/MovieSuggestions/comments/1omi1g6/people_in_comical_crisis/,https://reddit.com/r/MovieSuggestions/comments/1omi1g6/people_in_comical_crisis/,1762092131.0,True,"I have been watching the movie *Duplex* with Ben Stiller and Drew Barrymore a lot lately. It reminds me of movies like *Money Pit* and *Overboard* that I watched as a kid. 

I'm looking for movies lite on romance and sex and heavy on absurdity. ",I'M REQUESTING,self.MovieSuggestions,
Movies Like Whiplash,5,0.86,14,MarchingJo,MovieSuggestions,https://www.reddit.com/r/MovieSuggestions/comments/1oml64z/movies_like_whiplash/,https://reddit.com/r/MovieSuggestions/comments/1oml64z/movies_like_whiplash/,1762099547.0,True,"I‚Äôm not looking for feel-good motivation. I want films that hurt, that capture the madness of chasing perfection, the loneliness of obsession, and the fire that consumes everything else.  
Movies where ambition isn‚Äôt pretty, but raw and real, where passion turns into pain, yet you can‚Äôt look away because that hunger feels familiar.

Drop your recommendations, films about obsession, excellence, and the brutal beauty of becoming unstoppable.",I'M REQUESTING,self.MovieSuggestions,
"Little miss sunshine, I luv u who ever recommended me this gem",4,1.0,1,ryukendo69,MovieSuggestions,https://www.reddit.com/r/MovieSuggestions/comments/1omo9p8/little_miss_sunshine_i_luv_u_who_ever_recommended/,https://reddit.com/r/MovieSuggestions/comments/1omo9p8/little_miss_sunshine_i_luv_u_who_ever_recommended/,1762106715.0,True,Ayo I can't stop sobbing... it the best feel good movie I have ever seen maybe top 2 im not gonna spoil anything but I think it's the most warmest ending I have ever seen if ur depressed or anything think please on my mom it shii is gud it like drinking a hot coco with marshmallow during a rainstorm. Oh btw I luv u all this is the best subreddit I have ever seen,I'M SUGGESTING,self.MovieSuggestions,
Looking for a movie with feel good emotions,7,1.0,26,Positive-Square-2822,MovieSuggestions,https://www.reddit.com/r/MovieSuggestions/comments/1omid0v/looking_for_a_movie_with_feel_good_emotions/,https://reddit.com/r/MovieSuggestions/comments/1omid0v/looking_for_a_movie_with_feel_good_emotions/,1762092931.0,True,Just finished watching rain man (1988) and it felt good to watch and made me a bit emotional but and now I just want to binge few more movies like that for the day so recommend me some movie which will feel good ,I'M REQUESTING,self.MovieSuggestions,
What is a movie that forces the viewer to self reflect and go into deep introspection?,6,1.0,18,mediocrebeauty,MovieSuggestions,https://www.reddit.com/r/MovieSuggestions/comments/1omjc2o/what_is_a_movie_that_forces_the_viewer_to_self/,https://reddit.com/r/MovieSuggestions/comments/1omjc2o/what_is_a_movie_that_forces_the_viewer_to_self/,1762095289.0,True,"As I get older I have found myself not really watching films too much and would really like a movie that touches on kindness, reflection, and introspection. 

Thank you. ",I'M REQUESTING,self.MovieSuggestions,
Movies that take place in a small town in the winter,2,1.0,2,Maybe_IDTBFH,MovieSuggestions,https://www.reddit.com/r/MovieSuggestions/comments/1oms9wo/movies_that_take_place_in_a_small_town_in_the/,https://reddit.com/r/MovieSuggestions/comments/1oms9wo/movies_that_take_place_in_a_small_town_in_the/,1762116101.0,True,"I'm feeling festive.  The genre is less of an issue, for example Werewolves Within completely fits the bill despite it kind of falling into more of a slasher/horror/thriller genre type (I'm using those terms lightly since it is also a bit of a comedy).

Anyway, hit me with your best shot.  I really want to feel the warmth of winter.",I'M REQUESTING,self.MovieSuggestions,
Looking for comedies focused in older/retired main characters,6,1.0,50,gandalfnho,MovieSuggestions,https://www.reddit.com/r/MovieSuggestions/comments/1omhv22/looking_for_comedies_focused_in_olderretired_main/,https://reddit.com/r/MovieSuggestions/comments/1omhv22/looking_for_comedies_focused_in_olderretired_main/,1762091680.0,True,"I'm looking for good light comedies, especially if they had action/adventure, with the main characters being mostly old/retired. For comparison, some films I liked:

  
Tough Guys (1986)

RED (2010)

RED 2 (2013)

Going in Style (2017)

The Thursday Murder Club (2025)",I'M REQUESTING,self.MovieSuggestions,
Do you know of any movies that use Daylight Savings as a plot device?,4,0.84,7,AcadiaRemarkable6992,MovieSuggestions,https://www.reddit.com/r/MovieSuggestions/comments/1omipby/do_you_know_of_any_movies_that_use_daylight/,https://reddit.com/r/MovieSuggestions/comments/1omipby/do_you_know_of_any_movies_that_use_daylight/,1762093768.0,True,"The only one that comes to mind for me would be Broken Lizard‚Äôs ‚ÄòThe Slammin‚Äô Salmon‚Äô (2009) starring the late, great Michael Clark Duncan. Racking my brain to come up with other examples but I‚Äôm drawing a blank.",I'M REQUESTING,self.MovieSuggestions,
Movies without picture,2,1.0,9,Professional_Flow_26,MovieSuggestions,https://www.reddit.com/r/MovieSuggestions/comments/1ompekf/movies_without_picture/,https://reddit.com/r/MovieSuggestions/comments/1ompekf/movies_without_picture/,1762109380.0,True,"Hello guys do you have a favorite movie that doesnt need the picture to enjoy it.
Like Gaslight(1944) My  Cousin Vinny(1992) and 12 Angry Man (1955) 
I dont have problems with my eyes but I really enjoyed these movies by just listening.",I'M REQUESTING,self.MovieSuggestions,
Movies similar to Winchester (2018)?,2,1.0,0,Baba_Jaga_II,MovieSuggestions,https://www.reddit.com/r/MovieSuggestions/comments/1omowvx/movies_similar_to_winchester_2018/,https://reddit.com/r/MovieSuggestions/comments/1omowvx/movies_similar_to_winchester_2018/,1762108239.0,True,"Yes, I know Winchester only has a 12% on Rotten Tomatoes, but honestly, I think it's one of the best horror movies of the past decade. That's just my opinion, so please don't downvote me into oblivion...

I'm looking for horror movies with a similar tone and atmosphere. Classic ghost stories that don't rely on gore, constant screaming, or cheap jump scares. I'm not trying to reinvent the wheel here; I just love that traditional haunted-house feeling, the kind of story you could imagine being tol",I'M REQUESTING,self.MovieSuggestions,
What movie should I watch based on my fav list?,2,1.0,3,Any_Independent375,MovieSuggestions,https://www.reddit.com/r/MovieSuggestions/comments/1omovyq/what_movie_should_i_watch_based_on_my_fav_list/,https://reddit.com/r/MovieSuggestions/comments/1omovyq/what_movie_should_i_watch_based_on_my_fav_list/,1762108182.0,True,"I have this top tier list of movies and I'm wondering if I've missed anything over the years. Based on my favorite movies, what should I watch? 

As you can tell I prefer newer Hollywood movies (yeah I'm mainstream)

These movies are so great, I wish I could remove my memory of these movies and watch them again for the first time.

**Thriller**

* Room
* 72 hours¬†
* Don‚Äôt breathe¬†

**Romantic/good feeling**¬†

* The Intern¬†
* Two night stand¬†

**Comedy**¬†

* No Hard feelings¬†
* Horrible bosses¬†
*",I'M REQUESTING,self.MovieSuggestions,
Looking for a good movie I could watch with my parents,31,1.0,184,CrystalRoseMoon,MovieSuggestions,https://www.reddit.com/r/MovieSuggestions/comments/1om7cfd/looking_for_a_good_movie_i_could_watch_with_my/,https://reddit.com/r/MovieSuggestions/comments/1om7cfd/looking_for_a_good_movie_i_could_watch_with_my/,1762054679.0,True,"I am looking for films to watch with my dad/family.
My dad often ask me can we watch a movie together, but we both have no idea what. He  basically never watches any movies and is not really a movie lover (i am), but we would like some more family time. So I am looking for something we both would enjoy, I am 26F, and he and my mom are 61.
He was also talking about if there are any christmas movies we can watch during the holidays

What we watched in the past;
- Animal based movie (we watched nat",I'M REQUESTING,self.MovieSuggestions,
Recommendations for Classic Western Moviesü§†üêéüåµ,2,1.0,25,Gold-Memory3334,MovieSuggestions,https://www.reddit.com/r/MovieSuggestions/comments/1omo4tv/recommendations_for_classic_western_movies/,https://reddit.com/r/MovieSuggestions/comments/1omo4tv/recommendations_for_classic_western_movies/,1762106410.0,True,"Hey, yesterday I watched The Good, the Bad and the Ugly and really enjoyed it, the style, the music, and that classic western atmosphere stuck with me. Now I‚Äôm thinking of watching more movies in this genre, either older ones or lesser-known ones, but still capturing the charm of a classic western. What do you guys recommend? Which western movies have you liked and found memorable, whether for the action, the stories with sheriffs and outlaws, or just the classic frontier vibe?
",I'M REQUESTING,self.MovieSuggestions,
"Casual Discussion Thread (November 02, 2025)",2,1.0,1,AutoModerator,TrueFilm,https://www.reddit.com/r/TrueFilm/comments/1om314c/casual_discussion_thread_november_02_2025/,https://reddit.com/r/TrueFilm/comments/1om314c/casual_discussion_thread_november_02_2025/,1762041633.0,True,"General Discussion threads threads are meant for more casual chat; a  place to break most of the frontpage rules. Feel free to ask for  recommendations, lists, homework help; plug your site or video essay;  discuss tv here, or any such thing.

**There is no 180-character minimum for top-level comments in this thread.**

**Follow us on:**

* [Letterboxd](http://letterboxd.com/truefilmreddit/)
* [Twitter](https://twitter.com/truefilmreddit)

The sidebar has a wealth of information, including the s",,self.TrueFilm,
"Peter Watkins, the most prescient director you've never heard of, has died. His legacy, however, will outlive us all",112,0.93,10,Grand_Keizer,TrueFilm,https://www.reddit.com/r/TrueFilm/comments/1ompg7i/peter_watkins_the_most_prescient_director_youve/,https://reddit.com/r/TrueFilm/comments/1ompg7i/peter_watkins_the_most_prescient_director_youve/,1762109487.0,True,"Peter Watkins died on October 30th, 2025. That his death came and went with little fanfare is a sad injustice, as Watkins is one of the most radical, ahead of his time filmmakers in history. But his talent is inversely proportional to his recognition: due to the stunning and difficult movies he made (in style and subject matter) and the virulent attacks from official parties and critics that he received, his work is often elusive and hard to find. But when found, it's a revelation. 

Watkins' br",,self.TrueFilm,
Bugonia is a perfect portrayal of the modern communication gap,106,0.84,23,Idk_Very_Much,TrueFilm,https://www.reddit.com/r/TrueFilm/comments/1om1qkg/bugonia_is_a_perfect_portrayal_of_the_modern/,https://reddit.com/r/TrueFilm/comments/1om1qkg/bugonia_is_a_perfect_portrayal_of_the_modern/,1762038106.0,True,"Of course, there aren‚Äôt many people who think corporate executives are literally aliens. But the feeling that something‚Äôs broken at the center of the world, and it‚Äôs powerful elites who are at fault‚Ä¶that‚Äôs more widespread than ever, on both sides of the political spectrum. That sort of despair at the current state of the world is one that both MAGA and progressives tap into (albeit for very different ends), and it‚Äôs not one that the establishment really seems able to handle. Trust in science, un",,self.TrueFilm,
"What Have You Been Watching? (Week of (November 02, 2025)",3,1.0,14,AutoModerator,TrueFilm,https://www.reddit.com/r/TrueFilm/comments/1oml12g/what_have_you_been_watching_week_of_november_02/,https://reddit.com/r/TrueFilm/comments/1oml12g/what_have_you_been_watching_week_of_november_02/,1762099239.0,True, Please don't downvote opinions. Only downvote comments that don't contribute anything. Check out the [WHYBW archives](https://www.reddit.com/r/TrueFilm/wiki/index#wiki_what_have_you_been_watching.3F).,WHYBW,self.TrueFilm,
"Living The Land(Sheng Xi Zhi Di): An Ancient, Impoverished, Calamitous Yet Resilient Homeland",2,1.0,1,Slow-Property5895,TrueFilm,https://www.reddit.com/r/TrueFilm/comments/1omdny1/living_the_landsheng_xi_zhi_di_an_ancient/,https://reddit.com/r/TrueFilm/comments/1omdny1/living_the_landsheng_xi_zhi_di_an_ancient/,1762078269.0,True,"
In February, during the Berlin International Film Festival, I watched the film Living The Land, directed by Mr. Huo Meng and produced by Ms. Yao Chen. It was only upon watching the film that I realized it depicted the customs and way of life in my hometown, Henan. The familiar local dialect, the deep familial bonds mixed with sorrow and joy, the traditions and interpersonal relationships‚Äîall of these awakened my memories of the laughter and tears, births and deaths of my fellow countrymen.

The",TM,self.TrueFilm,
Mockingbird Don‚Äôt Sing (2001),2,1.0,0,KTbby710,TrueFilm,https://www.reddit.com/r/TrueFilm/comments/1om9rt0/mockingbird_dont_sing_2001/,https://reddit.com/r/TrueFilm/comments/1om9rt0/mockingbird_dont_sing_2001/,1762062985.0,True,"Can we please talk about the movie ‚ÄúMockingbird Don‚Äôt Sing‚Äù based on the life story and tragic abuse of Gene Wiley. This movie stays with me and I‚Äôve only been able to watch it maybe once or twice. I have always been super interested in psychology and especially nature vs. nurture. I personally feel this film really captures that in the most saddest profound way. 
I‚Äôm curious on what everyone‚Äôs thoughts are of this movie? 
Does it stick with you? Do you feel she had annyyy justice when it comes ",,self.TrueFilm,
What everyone misses about Lockjaw in One Battle After Another,250,0.87,48,herondelle,TrueFilm,https://www.reddit.com/r/TrueFilm/comments/1olbxga/what_everyone_misses_about_lockjaw_in_one_battle/,https://reddit.com/r/TrueFilm/comments/1olbxga/what_everyone_misses_about_lockjaw_in_one_battle/,1761960820.0,True,"In all the discussions I've seen on Lockjaw's fate, I think there is one thing that separates him from a lot of Western tragic villains that people don't quite notice.

Because it comes from a distinctly non Western culture. It's not just that he failed the purity test and so he had to be gotten rid of.

The tragic villain in Western dramatic tradition falls from hamartia, his or her flaws cause his or her direct fall. MacBeth is too ambitious and thus ends up inviting the wrath of all those he ",,self.TrueFilm,
"Did not like Bone Tomahwk, but not sure if it was the movies fault",5,0.52,34,NoxxyGizmo,TrueFilm,https://www.reddit.com/r/TrueFilm/comments/1om0n5y/did_not_like_bone_tomahwk_but_not_sure_if_it_was/,https://reddit.com/r/TrueFilm/comments/1om0n5y/did_not_like_bone_tomahwk_but_not_sure_if_it_was/,1762035236.0,True,"I watched Bone Tomahawk a long time ago and didn‚Äôt like it, but I recently saw someone call it their favorite horror movie and was flabbergasted. It made me want to revisit what exactly killed the movie for me and see if anyone else felt the same way.

I first watched it because Netflix labeled it a western. I don‚Äôt usually like westerns (too slow and sad for me), but I gave it a shot because I love Kurt Russell in Big Trouble in Little China and Overboard. This could have affected my entire vie",,self.TrueFilm,
"Looking back at Sid &amp; Nancy (1986), directed by Alex Cox, featuring the film debut of Gary Oldman, as well as the debut of Roger Deakins as a cinematographer.",10,0.92,2,MrPuroresu42,TrueFilm,https://www.reddit.com/r/TrueFilm/comments/1oludhl/looking_back_at_sid_nancy_1986_directed_by_alex/,https://reddit.com/r/TrueFilm/comments/1oludhl/looking_back_at_sid_nancy_1986_directed_by_alex/,1762019817.0,True,"The beginnings of Punk Rock, specifically that of the the band the Sex Pistols, has often been mythologized. It isn't too hard to see how the genre of music and the band came to this point, with colorful and polarizing figures like Johnny Rotten, Malcolm McLaren (manager and Svengali of the Pistols, as well as other early Punk acts) and Sid Vicious, the last being one of the protagonists of the film *Sid &amp; Nancy*, whose whirlwind and destructive relationship with Nancy Spungen is often thoug",,self.TrueFilm,
Bugonia: a two hour long joke,0,0.4,5,HansCastorp_1,TrueFilm,https://www.reddit.com/r/TrueFilm/comments/1ommgoe/bugonia_a_two_hour_long_joke/,https://reddit.com/r/TrueFilm/comments/1ommgoe/bugonia_a_two_hour_long_joke/,1762102541.0,True,"As the title suggests, I just saw Lanthimos's Bugonia and I have some thoughts. 

It bears comparison to The Lobster in that, like that film, it feels like there is a fairly private joke at the heart, a joke which we may not get. Well, until the end, that is. This Lanthimos joke has a punchline, and a fairly dull one at that. I might have actually groaned. 

It bears comparison to The Killing of a Sacred Deer in the grim, graphic violence, stilted emotions, teeth-gritting pacing and tension. But",,self.TrueFilm,
Best ways to find where/if certain films are preserved?,6,1.0,1,logbybolb,TrueFilm,https://www.reddit.com/r/TrueFilm/comments/1oltrvc/best_ways_to_find_whereif_certain_films_are/,https://reddit.com/r/TrueFilm/comments/1oltrvc/best_ways_to_find_whereif_certain_films_are/,1762018359.0,True,"I've recently started watching experimental/avant-garde films, and in all honesty, most of the time I have to rely on sketchy uploads on the internet to view these. This leads me to wonder where and how these films are being preserved officially, especially since many seem to rely on the texture of film itself, and therefore really ought to be shown in the highest resolution possible. I assume [The Filmmakers Cooperative](https://film-makerscoop.com/) preserves their films (although I don't thin",,self.TrueFilm,
Real immediate feeling after watching My Dinner with Andre,42,0.89,4,Affectionate-Ant-122,TrueFilm,https://www.reddit.com/r/TrueFilm/comments/1ol7ugm/real_immediate_feeling_after_watching_my_dinner/,https://reddit.com/r/TrueFilm/comments/1ol7ugm/real_immediate_feeling_after_watching_my_dinner/,1761948905.0,True,"This evening i felt somthing an uneasiness in my stomach, chest, head, in my whole body.
Every little sound, movement suddenly freaks me out.
This evening I really felt something.
Didn't like what I felt, but I felt something.

Andre would probably say it isn‚Äôt a coincidence that I feel like I‚Äôve been spooked by the reality of reality
 on the 31st of October, huh.
Maybe it is, maybe it isn‚Äôt.
",,self.TrueFilm,
Looking for an experimental Japanese short film about what would have happened If a guy talked to a girl he found pretty on the street,4,0.7,5,SilDaz,TrueFilm,https://www.reddit.com/r/TrueFilm/comments/1olie5x/looking_for_an_experimental_japanese_short_film/,https://reddit.com/r/TrueFilm/comments/1olie5x/looking_for_an_experimental_japanese_short_film/,1761984651.0,True,"EDIT: Found It. It's ""A girl, she is 100%"" based on a Murakami short story. It's on YouTube if you want to check it out.

https://youtu.be/UqcW8V2z44c?si=ouo_jHzwbnpzFErh


This is the only place I could think that could help me find this film. I remember It being a short film and It was experimental. I think It uses like photogtaphs to tell the story. It's a romance. The plot that actually happened was that a man and a woman crossed paths but neither talks so they just go on about their lives. ",TM,self.TrueFilm,
Why did Darren Aronofsky's Caught Stealing come and go so quietly?,427,0.89,234,Maha_Film_Fanatic,TrueFilm,https://www.reddit.com/r/TrueFilm/comments/1okjj1a/why_did_darren_aronofskys_caught_stealing_come/,https://reddit.com/r/TrueFilm/comments/1okjj1a/why_did_darren_aronofskys_caught_stealing_come/,1761879247.0,True,"I‚Äôm genuinely baffled by how Caught Stealing came and went without much noise. You‚Äôd think a Darren Aronofsky film starring Austin Butler and Zo√´ Kravitz would do better, especially a crime thriller this stylish and pulpy. But alas, that's the state of modern cinema. But audiences were also pretty lukewarm or unreceptive. Instead, it felt like a blip, even though it might be his most accessible and purely fun film in years. Obviously, blame it on Sony for refusing to give this one a festival bow",,self.TrueFilm,
A House of Dynamite (2025) is 1/3 of a good movie,149,0.85,91,cazzipropri,TrueFilm,https://www.reddit.com/r/TrueFilm/comments/1okbq3f/a_house_of_dynamite_2025_is_13_of_a_good_movie/,https://reddit.com/r/TrueFilm/comments/1okbq3f/a_house_of_dynamite_2025_is_13_of_a_good_movie/,1761858388.0,True,"I watched ""A House of Dynamite"" yesterday and, unfortunately, I have to report my disappointment.

\[I'm not a movie critic, I don't know how to write movie critique literature, and I have to admit that a majority of movie critique literature I read goes over my head. What I try to focus on is maybe being more disciplined than many professional movie critics, in anchoring my opinions to objective standards. I'll do my best at keeping my more subjective opinions out of this write-up.\]

SPOILER A",,self.TrueFilm,
My review on zodiac movie,0,0.21,0,Mental-Flight8195,TrueFilm,https://www.reddit.com/r/TrueFilm/comments/1oljjsy/my_review_on_zodiac_movie/,https://reddit.com/r/TrueFilm/comments/1oljjsy/my_review_on_zodiac_movie/,1761989329.0,True,"A dialogue heavy movie this is not a fan of this kind of movies it is slow and it fills too till the middle  
but then it start trying to play with your minds and you feel like investigating the case by your self with them  
and it always makes u wonder why not this why .. why?!!  
and the music running in the background is the reason i am still awake after watching this movie great work there  
and the cinematography i cant say anything its david fincher no needs to explain it  
good watch if l",,self.TrueFilm,
How The 400 Blows and Fran√ßois Truffaut Redefined Filmmaking,26,1.0,0,RJT524,TrueFilm,https://www.reddit.com/r/TrueFilm/comments/1oke6lc/how_the_400_blows_and_fran√ßois_truffaut_redefined/,https://reddit.com/r/TrueFilm/comments/1oke6lc/how_the_400_blows_and_fran√ßois_truffaut_redefined/,1761864537.0,True,"Today, the definition of the term ‚ÄúAuteur‚Äù varies from person to person, but when the term was first coined in the pages of Cahiers du Cin√©ma in the 1950s by then-film critic Fran√ßois Truffaut, it had a more precise meaning. He believed that the director was not just a simple craftsperson but rather a serious artist who used the language of cinema to express their worldview. Shortly thereafter, Truffaut would test his cinematic hypothesis and direct his first film, *The 400 Blows*. Upon release*",,self.TrueFilm,
"Just watched Whatever (1999), really enjoyed the protagonist's inner monologue + third party narrator through out the movie. What other movies have very effective narration that adds greatly to the movie?",40,0.98,23,Affectionate_Cap4509,TrueFilm,https://www.reddit.com/r/TrueFilm/comments/1ok1869/just_watched_whatever_1999_really_enjoyed_the/,https://reddit.com/r/TrueFilm/comments/1ok1869/just_watched_whatever_1999_really_enjoyed_the/,1761834504.0,True,"Barry Lyndon had some sparse but very effective and pleasant narration that really sold the whole package.

What are other great movies that use narration heavily and well?

The Shawshank Redemption

  
Forrest Gump

  
Fight Club

  
Apocalypse Now

  
Any other good ones? I know that a lot of modern cinema thought thinks of narration as as simple and cheap trick (show don't tell) but all those movies greatly benefitted from it.",,self.TrueFilm,
Themes in Back to the Future,0,0.33,3,Pure-Energy-9120,TrueFilm,https://www.reddit.com/r/TrueFilm/comments/1ol413m/themes_in_back_to_the_future/,https://reddit.com/r/TrueFilm/comments/1ol413m/themes_in_back_to_the_future/,1761939227.0,True,"The main theme of¬†Back to the Future¬†concerns taking control and personal responsibility over one's destiny: A situation can be changed even if it seems otherwise impossible to overcome. Lea Thompson said the film represents how one moment can have a significant and lasting impact on a person's life. Bob Gale believed Doc provided the perfect summary of the series' running theme, when in¬†Back to the Future Part¬†III¬†he said: ""Your future is whatever you make it, so make it a good one.""

At the st",,self.TrueFilm,
2nd viewing of SirƒÅt - a few thoughts,8,1.0,0,xcolqhounx,TrueFilm,https://www.reddit.com/r/TrueFilm/comments/1ok52yn/2nd_viewing_of_sirƒÅt_a_few_thoughts/,https://reddit.com/r/TrueFilm/comments/1ok52yn/2nd_viewing_of_sirƒÅt_a_few_thoughts/,1761843236.0,True,"**Contains spoilers**

I returned to the world of SirƒÅt last night, wanting to enjoy seeing it in the cinema one last time before it was no longer showing in my village. In the opinions I heard as I left the cinema, there were many complaints about the film's lack of substance, saying it was nothing more than a long, violent and well-filmed music video. This brought me back to my own observations during my first viewing. But I felt that the film still had something to say and that you had to scr",,self.TrueFilm,
Mulholland Drive,12,0.64,14,United-Ad822,TrueFilm,https://www.reddit.com/r/TrueFilm/comments/1ojx0rd/mulholland_drive/,https://reddit.com/r/TrueFilm/comments/1ojx0rd/mulholland_drive/,1761823433.0,True,"I'm sure this question has been asked a million times, but it's pretty much the only remaining niggle I have around What The Film Means Actually, and I'm yet to find a satisfactory explanation. Basically it's this: right after the blue box has absorbed the Betty/Rita plot, why does Lynch give us that mini-sequence of Aunt Ruth coming into her bedroom and looking around? Is it meant to indicate that the woman we thought was Aunt Ruth is in fact a real woman (real in the world of the film, that is",,self.TrueFilm,
Zombie Flesh Eaters and its dissection of the impacts of colonialism,18,0.83,8,EarbleedGuitarist,TrueFilm,https://www.reddit.com/r/TrueFilm/comments/1ojregf/zombie_flesh_eaters_and_its_dissection_of_the/,https://reddit.com/r/TrueFilm/comments/1ojregf/zombie_flesh_eaters_and_its_dissection_of_the/,1761801951.0,True,"Zombie Flesh Eaters, or Zombi 2 as its called in most of the world, is a 1979 horror film, and I usually end up rewatching it once a month or so, and I have for about 6 years. It‚Äôs a movie I know inside and out, and every time I rewatch it I always wonder why its seen simply as some low brow splatter grindhouse film when its genuinely an incredible look at colonialism and its impacts on America. Many people have pointed it out and done deep dives on it, but it still seems like critics don‚Äôt get ",,self.TrueFilm,
Great critic reviews which match the greatness of the film,28,0.79,12,krptz,TrueFilm,https://www.reddit.com/r/TrueFilm/comments/1ojjs5d/great_critic_reviews_which_match_the_greatness_of/,https://reddit.com/r/TrueFilm/comments/1ojjs5d/great_critic_reviews_which_match_the_greatness_of/,1761779611.0,True,"I've just read Ebert's review of La Dolce Vita and was reminded of how truly great a critic he was. Perhaps reviewing a film as good as La Dolce Vita in the only way possible: through the prism of your evolving self. He praises the movie with humility in the face of it. 

It reminds me that it may be possible a critic's review can be as great as the film itself - does anyone else have any examples?",,self.TrueFilm,
How do I study cinema on my own?,180,0.95,67,EchoCham,TrueFilm,https://www.reddit.com/r/TrueFilm/comments/1oj2zvb/how_do_i_study_cinema_on_my_own/,https://reddit.com/r/TrueFilm/comments/1oj2zvb/how_do_i_study_cinema_on_my_own/,1761740410.0,True,"Hey guys, I want to start studying cinema as a hobby ‚Äî not in an academic way, just because I really love movies and want to understand them better.

In general, what should I actually do to become more educated about cinema and it's history?

Should I focus on watching specific directors, movements, or time periods first? Do I read essay, watch a podcast or something? 

If anyone has essays, book recommendations, or even YouTube channels to learn from, please share! 

Thanks in advance! ",,self.TrueFilm,
Why do many people pretend that Horror films are better than ever? The Golden Age.,0,0.36,23,xmeme97,TrueFilm,https://www.reddit.com/r/TrueFilm/comments/1okjcne/why_do_many_people_pretend_that_horror_films_are/,https://reddit.com/r/TrueFilm/comments/1okjcne/why_do_many_people_pretend_that_horror_films_are/,1761878717.0,True,"In a 8 year span, we had Jaws, Alien, The Exorcist, Carrie, Halloween, Nosferatu, Invasion of the Body Snatchers, The Shining, The Omen, The Texas Chainsaw Massacre, Dawn of the Dead, Black Christmas, The Hills Have Eyes, The Wickerman, Suspiria, and a whole selection of other films.

Are you going to tell me that Megan 2.0 or Terrifier 3 or Weapons are at all comparable to these films I listed? What horror renaissance are people even talking about over the last decade? Has any horror film relea",,self.TrueFilm,
Christopher Nolan Elected President of Directors Guild of America,24223,0.95,614,MarvelsGrantMan136,movies,https://variety.com/2025/film/news/christopher-nolan-directors-guild-elect-president-1236525332/,https://reddit.com/r/movies/comments/1nmggb2/christopher_nolan_elected_president_of_directors/,1758421805.0,False,,News,variety.com,Christopher Nolan
Christopher Nolan's 'The Odyssey' Wraps Filming,13330,0.95,1066,MarvelsGrantMan136,movies,https://maxblizz.com/christopher-nolans-the-odyssey-wraps-filming-after-6-month-shoot-confirms-art-director/,https://reddit.com/r/movies/comments/1mkxvgi/christopher_nolans_the_odyssey_wraps_filming/,1754666000.0,False,,News,maxblizz.com,Christopher Nolan
Official Poster for Christopher Nolan‚Äôs ‚ÄòThe Odyssey‚Äô,18672,0.93,1269,MarvelsGrantMan136,movies,https://i.redd.it/g0ylm2pqagaf1.jpeg,https://reddit.com/r/movies/comments/1lptzkc/official_poster_for_christopher_nolans_the_odyssey/,1751457626.0,False,,Poster,i.redd.it,Christopher Nolan
First Image of Matt Damon as Odysseus in Christopher Nolan's 'The Odyssey',61959,0.9,4194,MarvelsGrantMan136,movies,https://i.redd.it/ezcasqic4qje1.jpeg,https://reddit.com/r/movies/comments/1irneiq/first_image_of_matt_damon_as_odysseus_in/,1739808651.0,False,,Media,i.redd.it,Christopher Nolan
Christopher Nolan‚Äôs Next Movie is an Adaptation of Homer‚Äôs 'The Odyssey',28399,0.94,2888,MarvelsGrantMan136,movies,https://gizmodo.com/christopher-nolan-new-film-the-odyssey-holland-zendaya-2000542917,https://reddit.com/r/movies/comments/1hkytk8/christopher_nolans_next_movie_is_an_adaptation_of/,1734992012.0,False,,News,gizmodo.com,Christopher Nolan
Christopher Nolan‚Äôs ‚ÄòThe Odyssey‚Äô Teaser Trailer Is Playing Only in Theaters,6014,0.93,656,MarvelsGrantMan136,movies,https://www.thewrap.com/the-odyssey-trailer-in-theaters-christopher-nolan/,https://reddit.com/r/movies/comments/1lp8vsv/christopher_nolans_the_odyssey_teaser_trailer_is/,1751393336.0,False,,News,thewrap.com,Christopher Nolan
Amazon initially interested in Christopher Nolan for Bond and willing to give final cut. Villeneuve does not have final cut authority,4239,0.96,860,cyanide4suicide,movies,https://variety.com/2025/film/news/amazon-james-bond-wants-tom-holland-jacob-elordi-1236442329/,https://reddit.com/r/movies/comments/1lm1cgz/amazon_initially_interested_in_christopher_nolan/,1751049040.0,False,,News,variety.com,Christopher Nolan
"'Interstellar': 10 years to the day it was released ‚Äì it stands as Christopher Nolan's best, most emotionally affecting work.",16024,0.87,1476,ChiefLeef22,movies,https://www.gamesradar.com/entertainment/sci-fi-movies/10-years-after-its-release-its-clear-i-was-wrong-about-interstellar-its-christopher-nolan-at-his-absolute-best/,https://reddit.com/r/movies/comments/1glmpzd/interstellar_10_years_to_the_day_it_was_released/,1730972146.0,False,,Article,gamesradar.com,Christopher Nolan
"'Interstellar' (2014) | ""Messages Span: 23 Years"" | Directed By Christopher Nolan",3879,0.93,386,ChiefLeef22,movies,https://v.redd.it/td69lqofl4sf1,https://reddit.com/r/movies/comments/1ntlr51/interstellar_2014_messages_span_23_years_directed/,1759161223.0,False,,Media,v.redd.it,Christopher Nolan
Christopher Nolan's 'TENET' Turns 5: How Nolan's Most Divisive Film has also Garnered a Dedicated Fanbase Preaching its Gospel,2273,0.87,937,ChiefLeef22,movies,https://www.rogerebert.com/features/tenet-rerelease,https://reddit.com/r/movies/comments/1n6oa3w/christopher_nolans_tenet_turns_5_how_nolans_most/,1756830692.0,False,,Article,rogerebert.com,Christopher Nolan
Christopher Nolan‚Äôs New ‚ÄòOdyssey‚Äô Movie Adds Jon Bernthal To Cast,11433,0.96,668,MarvelsGrantMan136,movies,https://deadline.com/2025/01/christopher-nolan-the-odyssey-movie-jon-bernthal-1236262954/,https://reddit.com/r/movies/comments/1i7hd1g/christopher_nolans_new_odyssey_movie_adds_jon/,1737568854.0,False,,News,deadline.com,Christopher Nolan
"Christopher Nolan's 'Inception' Turns 15: A Look Back At The ""BRAAM"" Sound From Nolan's Film that Invaded the Hollywood Soundtrack",5014,0.94,401,ChiefLeef22,movies,https://longreads.com/2016/12/08/braaam-inception-hollywood-soundtracks/,https://reddit.com/r/movies/comments/1lz0nr6/christopher_nolans_inception_turns_15_a_look_back/,1752432907.0,False,,Article,longreads.com,Christopher Nolan
Tom Holland to Star in Christopher Nolan‚Äôs Latest Film,9670,0.92,1074,MarvelsGrantMan136,movies,https://www.hollywoodreporter.com/movies/movie-news/tom-holland-to-star-in-christopher-nolan-next-film-1236040294/,https://reddit.com/r/movies/comments/1g8z78x/tom_holland_to_star_in_christopher_nolans_latest/,1729540822.0,False,,News,hollywoodreporter.com,Christopher Nolan
Mia Goth Joins Christopher Nolan‚Äôs ‚ÄòThe Odyssey‚Äô,7347,0.92,602,MarvelsGrantMan136,movies,https://variety.com/2025/film/news/mia-goth-christopher-nolan-the-odyssey-1236293892/,https://reddit.com/r/movies/comments/1ipkc7t/mia_goth_joins_christopher_nolans_the_odyssey/,1739565445.0,False,,News,variety.com,Christopher Nolan
"Christopher Nolan Set to Shoot Part of ‚ÄòThe Odyssey‚Äô on Sicilian ‚ÄòGoat Island,‚Äô Where Ulysses Landed",8784,0.95,533,MarvelsGrantMan136,movies,https://variety.com/2025/film/global/christopher-nolan-odyssey-shoot-sicily-1236287028/,https://reddit.com/r/movies/comments/1ib57qo/christopher_nolan_set_to_shoot_part_of_the/,1737973040.0,False,,News,variety.com,Christopher Nolan
Robert Pattinson Reteaming With Christopher Nolan for ‚ÄòOppenheimer‚Äô Filmmaker‚Äôs Latest Film,8418,0.92,729,MarvelsGrantMan136,movies,https://www.hollywoodreporter.com/movies/movie-news/robert-pattinson-reteaming-christopher-nolan-next-film-1236068184/,https://reddit.com/r/movies/comments/1gw2qxh/robert_pattinson_reteaming_with_christopher_nolan/,1732148169.0,False,,News,hollywoodreporter.com,Christopher Nolan
‚ÄòSh≈çgun‚Äô Star Cosmo Jarvis Joins Christopher Nolan‚Äôs ‚ÄòThe Odyssey‚Äô With Filming Underway In Morocco,7958,0.95,434,MarvelsGrantMan136,movies,https://deadline.com/2025/03/shogun-star-cosmo-jarvis-joins-christopher-nolans-the-odyssey-with-filming-underway-in-morocco-1236310317/,https://reddit.com/r/movies/comments/1j3f6yv/sh≈çgun_star_cosmo_jarvis_joins_christopher_nolans/,1741106837.0,False,,News,deadline.com,Christopher Nolan
Christopher Nolan‚Äôs ‚ÄòOdyssey‚Äô Will Be the First Blockbuster Shot Entirely on Imax Cameras,3518,0.94,541,ChiefLeef22,movies,https://www.hollywoodreporter.com/movies/movie-news/nolan-odyssey-first-blockbuster-to-only-use-imax-cameras-1236217925/,https://reddit.com/r/movies/comments/1kn97wv/christopher_nolans_odyssey_will_be_the_first/,1747318334.0,False,,News,hollywoodreporter.com,Christopher Nolan
Christopher Nolan‚Äôs New Movie Landed at Universal Despite Warner Bros.‚Äô Attempt to Lure Him Back With Seven-Figure ‚ÄòTenet‚Äô Check,7477,0.95,807,MarvelsGrantMan136,movies,https://variety.com/2024/film/news/christopher-nolan-new-movie-rejected-warner-bros-1236179734/,https://reddit.com/r/movies/comments/1g53ymx/christopher_nolans_new_movie_landed_at_universal/,1729097141.0,False,,News,variety.com,Christopher Nolan
Christopher Nolan‚Äôs ‚ÄòThe Odyssey‚Äô Adds John Leguizamo,6007,0.94,477,MarvelsGrantMan136,movies,https://variety.com/2025/film/news/john-leguizamo-the-odyssey-christopher-nolan-1236292024/,https://reddit.com/r/movies/comments/1ie3lbs/christopher_nolans_the_odyssey_adds_john_leguizamo/,1738287671.0,False,,News,variety.com,Christopher Nolan
Christopher Nolan‚Äôs ‚ÄòInterstellar‚Äô 10th Anniversary Re-Release Moves to December 6,9794,0.92,708,MarvelsGrantMan136,movies,https://variety.com/2024/film/news/christopher-nolan-interstellar-10th-anniversary-rerelease-delayed-70mm-prints-1236098730/,https://reddit.com/r/movies/comments/1eml75u/christopher_nolans_interstellar_10th_anniversary/,1723059494.0,False,,News,variety.com,Christopher Nolan
Cinemark to Add 70mm Imax Screens Ahead of Christopher Nolan‚Äôs ‚ÄòThe Odyssey‚Äô,3338,0.95,174,MarvelsGrantMan136,movies,https://variety.com/2025/film/news/cinemark-imax-70mm-screens-christopher-nolan-the-odyssey-1236561559/,https://reddit.com/r/movies/comments/1ohd3p8/cinemark_to_add_70mm_imax_screens_ahead_of/,1761568261.0,False,,News,variety.com,Christopher Nolan
Anne Hathaway And Zendaya To Star In Christopher Nolan‚Äôs Next Film,5548,0.92,687,MarvelsGrantMan136,movies,https://deadline.com/2024/11/christopher-nolan-next-movie-zendaya-anne-hathaway-1236167055/,https://reddit.com/r/movies/comments/1gmrkjf/anne_hathaway_and_zendaya_to_star_in_christopher/,1731096032.0,False,,News,deadline.com,Christopher Nolan
"Christopher Nolan Sets Next Movie At Universal In IMAX For July 17, 2026",5265,0.93,875,MarvelsGrantMan136,movies,https://deadline.com/2024/10/christopher-nolan-new-movie-matt-damon-release-date-1236099940/,https://reddit.com/r/movies/comments/1fze0pu/christopher_nolan_sets_next_movie_at_universal_in/,1728430880.0,False,,News,deadline.com,Christopher Nolan
A movie that‚Äôs not a Christopher Nolan movie but is like a Christopher Nolan movie,298,0.98,181,ten_millionfireflies,MovieSuggestions,https://www.reddit.com/r/MovieSuggestions/comments/goxhfw/a_movie_thats_not_a_christopher_nolan_movie_but/,https://reddit.com/r/MovieSuggestions/comments/goxhfw/a_movie_thats_not_a_christopher_nolan_movie_but/,1590202722.0,True,This may be to specific of a request but recently finished watching almost all of the Cristopher Nolan movies and I was blown away so I was just wondering if anyone had some type of movie or director that‚Äôs similar to his style of film making thanks in advance!,REQUESTING,self.MovieSuggestions,Christopher Nolan
Christopher Nolan,49,0.93,95,Heavy_Table7131,MovieSuggestions,https://www.reddit.com/r/MovieSuggestions/comments/19bgcnw/christopher_nolan/,https://reddit.com/r/MovieSuggestions/comments/19bgcnw/christopher_nolan/,1705770288.0,True,"Hey all! So I just watched interstellar for the first time and absolutely loved it. I recently started watching a few of his movies (Oppenheimer / interstellar / all Batman‚Äôs obviously) but I‚Äôm just looking for more recommendations on his movies? Also, any recommendations on space / science movies would be a plus too! Thanks everyone :)",REQUESTING,self.MovieSuggestions,Christopher Nolan
Which Imax Christopher Nolan Movie should I watch?,37,0.9,114,AliGamingTv,MovieSuggestions,https://www.reddit.com/r/MovieSuggestions/comments/13oo4ph/which_imax_christopher_nolan_movie_should_i_watch/,https://reddit.com/r/MovieSuggestions/comments/13oo4ph/which_imax_christopher_nolan_movie_should_i_watch/,1684754650.0,True,"a imax near me is re releasing Interstellar, Inception, Tenet &amp; Dunkirk.

I'm more aiming towards Dunkirk because I love war films however Tenet is the newest so maybe that'll be the best. 

I've already have watched Interstellar but only at home so do you think I should watch it again in imax?

Thanks in advance!",REQUESTING,self.MovieSuggestions,Christopher Nolan
I'm in a void after watching every movie in Christopher Nolan's filmography,4,0.61,37,Mindless-Algae2495,MovieSuggestions,https://www.reddit.com/r/MovieSuggestions/comments/1ftlk26/im_in_a_void_after_watching_every_movie_in/,https://reddit.com/r/MovieSuggestions/comments/1ftlk26/im_in_a_void_after_watching_every_movie_in/,1727781344.0,True,"What movies should I watch next? I recently went through his whole filmography and loved his works. Now that I'm done with his films, I don't even know what to watch. 

I'm looking for scince fiction movies with similar style, strong use of music and mind-bending action sequences like most of Nolan's sci-fi epics feature. Or some psychological movies with a massive plot twist will be perfect as well. Recently watched Shutter Island and loved it. ",I'M REQUESTING,self.MovieSuggestions,Christopher Nolan
"Favorite Films: Drive, Sicario, Christopher Nolan's films, Heat, Usual Suspects, Godfather, Eternal Sunshine, American Hustle, 1st Joker",0,0.5,18,Inevitable-Angle1689,MovieSuggestions,https://www.reddit.com/r/MovieSuggestions/comments/1goeiyq/favorite_films_drive_sicario_christopher_nolans/,https://reddit.com/r/MovieSuggestions/comments/1goeiyq/favorite_films_drive_sicario_christopher_nolans/,1731282383.0,True,"Got any recommendations for me? I guess I like action films, but also with great characters, good actors, and an emotional core to the film. I also like unexpected stuff that makes you think. Thank you!

Edit: seen a few Michael Mann's and enjoyed. Also like Scorsese and Coen Brothers",Removed: r/ifyoulikeblank,self.MovieSuggestions,Christopher Nolan
Christopher Nolan-esque movies,0,0.5,20,Happy-Potato-717,MovieSuggestions,https://www.reddit.com/r/MovieSuggestions/comments/1ebyam9/christopher_nolanesque_movies/,https://reddit.com/r/MovieSuggestions/comments/1ebyam9/christopher_nolanesque_movies/,1721922683.0,True,"Hi movie lovers - I'm slowly going through Christopher Nolan's entire body of work and realising how much I love his films! The Hans Zimmer scores, the epic scale, the cinematography, the questions about morality, time, purpose. I just finished rewatching the Batman trilogy and feel sad that there aren't that many movies left to watch. What other directors/films have a similar impact on you that I can watch? Open to shows as well. Thanks in advance! ",I'M REQUESTING,self.MovieSuggestions,Christopher Nolan
Need a recommendation for a movie night with old couple.,40,0.91,359,CinemaWilderfan,MovieSuggestions,https://www.reddit.com/r/MovieSuggestions/comments/1mbn6r6/need_a_recommendation_for_a_movie_night_with_old/,https://reddit.com/r/MovieSuggestions/comments/1mbn6r6/need_a_recommendation_for_a_movie_night_with_old/,1753725122.0,True,"I am going to my grandparents‚Äô (80,85) house tonight and I am thinking of showing something appropriate. They don‚Äôt want things that are way too profane - not too much nudity or swearing or blood but mild profanity is okay. Nothing NC-17, a soft R is fine. I am thinking of something along the lines of Christopher Nolan film like Inception or Interstellar. Any genre is appreciated, as long as it‚Äôs released in the past 10 years.",I'M REQUESTING,self.MovieSuggestions,Christopher Nolan
I‚Äôm sure many here are fans of Christopher Nolan,12,0.83,26,mx___z,MovieSuggestions,https://www.reddit.com/r/MovieSuggestions/comments/1492yfy/im_sure_many_here_are_fans_of_christopher_nolan/,https://reddit.com/r/MovieSuggestions/comments/1492yfy/im_sure_many_here_are_fans_of_christopher_nolan/,1686733528.0,True,"I‚Äôm looking for directors or films that you could recommend that are on the same playing field as Nolan. 

I have recently watched: 
The Prestige (jaw drop) 
Interstellar (tears) 
Inception (multiple times, never gets old) 
Tenet (had to watch a it a second time to before the plot made sense) 
The Dark Knight series 

Going to watch Memento sometime soon. 

Would appreciate any and all other film/director recommendations üôèüèª",REQUESTING,self.MovieSuggestions,Christopher Nolan
Any Christopher Nolan-like movies not directed or written by the man himself?,9,0.8,30,FreezingTNT-_o-,MovieSuggestions,https://www.reddit.com/r/MovieSuggestions/comments/zj4lyr/any_christopher_nolanlike_movies_not_directed_or/,https://reddit.com/r/MovieSuggestions/comments/zj4lyr/any_christopher_nolanlike_movies_not_directed_or/,1670786082.0,True,"I've only seen *The Dark Knight Trilogy*, *Tenet*, *Interstellar* and *Inception* (as well as the first 15-ish minutes of *Dunkirk*). Not looking for *Man of Steel* or Snyder's other DC films (as a person who liked BvS UE and ZSJL).",REQUESTING,self.MovieSuggestions,Christopher Nolan
Christopher Nolan‚Äôs on Fire,1,0.52,15,krustyklown69er,MovieSuggestions,https://www.reddit.com/r/MovieSuggestions/comments/155e9lp/christopher_nolans_on_fire/,https://reddit.com/r/MovieSuggestions/comments/155e9lp/christopher_nolans_on_fire/,1689916597.0,True,"Whose had a better run this Century than Christopher Nolan?!

Guys been Money since 2000!! From Memento to Oppenheimer he‚Äôs been hittin nuthin but net for 23 years!

Who else you got?",REQUESTING,self.MovieSuggestions,Christopher Nolan
Movie series where second film is the best?,395,0.97,799,Dark-Oracle,MovieSuggestions,https://www.reddit.com/r/MovieSuggestions/comments/x1llua/movie_series_where_second_film_is_the_best/,https://reddit.com/r/MovieSuggestions/comments/x1llua/movie_series_where_second_film_is_the_best/,1661872280.0,True,"Rather Controversial depending on everyone's Opinion. 

Couple of my picks are:-

Evil dead 2 ( evil dead trilogy) 

The expendables 2 ( expendables trilogy) 

Spider-man 2 ( sam Raimi's Spider-Man trilogy). tho i love both 1 &amp; 2

The dark knight ( Christopher Nolan's Batman trilogy) 

Note:- it has to be 3 movies in a series.
Can be more than 3 too.",REQUESTING,self.MovieSuggestions,Christopher Nolan
Tired husband and wife need movie suggestion that won‚Äôt disappoint after watching a series of underwhelming movies.,243,0.9,832,vamosatomar,MovieSuggestions,https://www.reddit.com/r/MovieSuggestions/comments/15j1jqo/tired_husband_and_wife_need_movie_suggestion_that/,https://reddit.com/r/MovieSuggestions/comments/15j1jqo/tired_husband_and_wife_need_movie_suggestion_that/,1691256693.0,True,"We usually watch a movie on Saturday nights. But lately our at-home picks have been underwhelming for us (Gerald‚Äôs Game, Dancer in the Dark, Tiger Tail). We‚Äôre both a bit tired and burnt out from various life obligations, and don‚Äôt want to be disappointed by yet another meh movie night. 

We‚Äôre not tied to any genres. We enjoy epics, stirring visuals (Oppenheimer was a banger for us), movies that get you emotionally invested, dramas, thrillers, action flicks and fast-paced movies. 

Some movies ",REQUESTING,self.MovieSuggestions,Christopher Nolan
Films in the style of Christopher Nolan?,6,1.0,15,ActualCrumpet,MovieSuggestions,https://www.reddit.com/r/MovieSuggestions/comments/10oc7v8/films_in_the_style_of_christopher_nolan/,https://reddit.com/r/MovieSuggestions/comments/10oc7v8/films_in_the_style_of_christopher_nolan/,1675011148.0,True,"Seen all of Nolan‚Äôs stuff over the years and have a total fascination with his repetitive themes exploring time and memory, looking for other films (or directors) that focus on similar ideas, I‚Äôve seen more movies from 2000 forward than before that, though there are classics I‚Äôve gotten in there. A few others I‚Äôve seen that I feel hit this mark:
Arrival (2016)
Predestination (2014)
Source Code (2011)
Trance (2013)
Looper (2012)",REQUESTING,self.MovieSuggestions,Christopher Nolan
Christopher Nolan‚Äôs ‚ÄòInsomnia‚Äô is one of my all-time favorites,29,0.88,12,2u3e9v,MovieSuggestions,https://www.reddit.com/r/MovieSuggestions/comments/xh4zxg/christopher_nolans_insomnia_is_one_of_my_alltime/,https://reddit.com/r/MovieSuggestions/comments/xh4zxg/christopher_nolans_insomnia_is_one_of_my_alltime/,1663469112.0,True,"Everyone mentions Memento as one of Nolan‚Äôs greats, but I feel like Insomnia gets quietly overlooked when it comes to great cinema. I rarely hear about it as movies deserving of honorable mention, but am always on the edge of my seat when I give it another watch. The music, cinematography, acting, setting, it‚Äôs all gripping.",SUGGESTING,self.MovieSuggestions,Christopher Nolan
Looking for movies christopher nolan like movies,1,0.57,12,Global_Collar8831,MovieSuggestions,https://www.reddit.com/r/MovieSuggestions/comments/w4k34y/looking_for_movies_christopher_nolan_like_movies/,https://reddit.com/r/MovieSuggestions/comments/w4k34y/looking_for_movies_christopher_nolan_like_movies/,1658418686.0,True,Im looking for big movies like Blockbuster with amazing cinematography and a great Story like tenet or All movies from Chris Nolan. I watched all of his movies and want to watch movies like that! Denis Villeneuve comes close something like that.,REQUESTING,self.MovieSuggestions,Christopher Nolan
does anybody know movies similar to Christopher Nolan's dunkirk?,2,0.75,9,Bluecrayon33,MovieSuggestions,https://www.reddit.com/r/MovieSuggestions/comments/z1kegb/does_anybody_know_movies_similar_to_christopher/,https://reddit.com/r/MovieSuggestions/comments/z1kegb/does_anybody_know_movies_similar_to_christopher/,1669091624.0,True,By this I mean preferably a war movie with the sound design and quality of gun sounds from that film. Been on a war movie binge recently and was wondering if anybody knows one. thank you,REQUESTING,self.MovieSuggestions,Christopher Nolan
Any movies that are similar to Christopher Nolan‚Äôs movies,7,0.82,7,NotAKindle,MovieSuggestions,https://www.reddit.com/r/MovieSuggestions/comments/tzl2gb/any_movies_that_are_similar_to_christopher_nolans/,https://reddit.com/r/MovieSuggestions/comments/tzl2gb/any_movies_that_are_similar_to_christopher_nolans/,1649476898.0,True,"I‚Äôve pretty much watched all of Nolan‚Äôs films. Him being my favorite director, I want to know if there are any movies similar to his work. Are there any good ones?",REQUESTING,self.MovieSuggestions,Christopher Nolan
Movies like christopher nolan's work (mind bending thrillers),2,0.76,12,TheBigBoy101,MovieSuggestions,https://www.reddit.com/r/MovieSuggestions/comments/mloo0o/movies_like_christopher_nolans_work_mind_bending/,https://reddit.com/r/MovieSuggestions/comments/mloo0o/movies_like_christopher_nolans_work_mind_bending/,1617751145.0,True,I've got a lot of spare time on my hands and want to watch some quality movies. I love mind bending movies such as Memento and Shutter Island and basically everything nolan has made. Does anyone have any movie suggestions that are mind bending in a way that it leaves you thinking hours after the movie has finished? Thanks,REQUESTING,self.MovieSuggestions,Christopher Nolan
Movies for fans of Christopher Nolan's work?,20,0.83,14,JiraiyaCop,MovieSuggestions,https://www.reddit.com/r/MovieSuggestions/comments/cqdiw4/movies_for_fans_of_christopher_nolans_work/,https://reddit.com/r/MovieSuggestions/comments/cqdiw4/movies_for_fans_of_christopher_nolans_work/,1565806456.0,True,"I've enjoyed every single Nolan movie I've seen. Inception, The Dark Knight trilogy, The Prestige, Interstellar, etc. What are movies not made by Christopher Nolan that would you recommend for fans of his movies?",REQUESTING,self.MovieSuggestions,Christopher Nolan
"Movies with minimalistic, masculine and bad ass architecture like ex machina, Christopher Nolan's batman, daniel craig's 007 movies, 50 shades of grey, and maybe even mission impossible movies.",5,0.7,6,CicadaSalty,MovieSuggestions,https://www.reddit.com/r/MovieSuggestions/comments/ngs7zf/movies_with_minimalistic_masculine_and_bad_ass/,https://reddit.com/r/MovieSuggestions/comments/ngs7zf/movies_with_minimalistic_masculine_and_bad_ass/,1621489899.0,True,Sort of revolves around dark colours and windows with white to cool light matched with minimalism.,REQUESTING,self.MovieSuggestions,Christopher Nolan
Movies that build up to a ‚Äúholy fucking shit‚Äù moment,382,0.97,439,NeilDenton,MovieSuggestions,https://www.reddit.com/r/MovieSuggestions/comments/izirh8/movies_that_build_up_to_a_holy_fucking_shit_moment/,https://reddit.com/r/MovieSuggestions/comments/izirh8/movies_that_build_up_to_a_holy_fucking_shit_moment/,1601037892.0,True,I am looking for movies that build up to a scene where everything just goes insane and your stomach drops,REQUESTING,self.MovieSuggestions,Christopher Nolan
"Movies with complex, intricate, interesting plots (that are not Christopher Nolan or David Lynch involved)?",1,1.0,6,monsieur-creosote,MovieSuggestions,https://www.reddit.com/r/MovieSuggestions/comments/l27utd/movies_with_complex_intricate_interesting_plots/,https://reddit.com/r/MovieSuggestions/comments/l27utd/movies_with_complex_intricate_interesting_plots/,1611263383.0,True,"Title pretty much says it all. I‚Äôm looking for movies with complex plots. They can be multiple intertwining plots, plots full of twists and turns or just straight up labyrinthine. I want a good plot-driven movie.

This all being said, I do not want a Christopher Nolan movie. I cannot stress that enough. I love most of them (only one I don‚Äôt like at all is Memento), I love what he‚Äôs done for blockbuster movies. But he‚Äôs become shorthand for this kind of thing and although it‚Äôs for a very good rea",REQUESTING,self.MovieSuggestions,Christopher Nolan
Non-Nolan Movies for a Christopher Nolan fanatic,2,0.67,12,ElCapitano13,MovieSuggestions,https://www.reddit.com/r/MovieSuggestions/comments/bgl4q8/nonnolan_movies_for_a_christopher_nolan_fanatic/,https://reddit.com/r/MovieSuggestions/comments/bgl4q8/nonnolan_movies_for_a_christopher_nolan_fanatic/,1556050596.0,True,Christopher Nolan is my favorite director and I want a movie that‚Äôs thought provoking but not trying to make some sort of commentary on society.  My favorites are The Prestige and Inception for some reference.,,self.MovieSuggestions,Christopher Nolan
Best Christopher Nolan movie?,3,0.71,12,Darn_barn,MovieSuggestions,https://www.reddit.com/r/MovieSuggestions/comments/bay7ui/best_christopher_nolan_movie/,https://reddit.com/r/MovieSuggestions/comments/bay7ui/best_christopher_nolan_movie/,1554752831.0,True,What should I show my friend first who hasn't seen a Chris Nolan movie?,,self.MovieSuggestions,Christopher Nolan
"""3 Day Weekend"" is actually a long lost Christopher Nolan movie!",7,0.69,4,Cam_11739,MovieSuggestions,https://www.reddit.com/r/MovieSuggestions/comments/l2til4/3_day_weekend_is_actually_a_long_lost_christopher/,https://reddit.com/r/MovieSuggestions/comments/l2til4/3_day_weekend_is_actually_a_long_lost_christopher/,1611339403.0,True,"Has anyone watched 3 Day Weekend on Amazon? I want to recommend it HIGHLY (but don't watch it ""highly"" - it's complicated - LOL). In this story of buried treasure, each part of the story is filled in by one of four characters. Each one has the story wrong, so when the POV switches, the story sort of starts over. AND THE ENTIRE MOVIE HAS NO DIALOG! And the filmmakers leave out most of the story, so you really have to work to get what's happening. Please please please for your own sake check out t",SUGGESTING,self.MovieSuggestions,Christopher Nolan
Why do so many people think Christopher Nolan is a hack?,0,0.25,78,Anxious-Baby-6808,TrueFilm,https://www.reddit.com/r/TrueFilm/comments/1nhw4xa/why_do_so_many_people_think_christopher_nolan_is/,https://reddit.com/r/TrueFilm/comments/1nhw4xa/why_do_so_many_people_think_christopher_nolan_is/,1757965824.0,True,"I‚Äôm not looking for praise (he gets plenty of that), but many critics argue that he‚Äôs overrated. They complain about confusing, exposition-heavy plots, shallow treatment of big themes, and sound design. Still, I‚Äôm curious whether these are the main flaws people see in his work, or if there are deeper issues with his filmmaking. His films aren‚Äôt perfect, but they undeniably have a unique cerebral quality that few other directors can match.",,self.TrueFilm,Christopher Nolan
"Christopher Nolan's editing style on ""Oppenheimer"" (2023) - did it ruin the film?",675,0.7,460,account-123456,TrueFilm,https://www.reddit.com/r/TrueFilm/comments/16zviiz/christopher_nolans_editing_style_on_oppenheimer/,https://reddit.com/r/TrueFilm/comments/16zviiz/christopher_nolans_editing_style_on_oppenheimer/,1696445987.0,True,"I honestly do not get why Christopher Nolan shot the film the way he did - simply put, the film is cut too fast.

Most shots barely last longer than 3 or 4 seconds. It is hard to keep up with the dialogue of a given scene where the shots of the scene just pass by. This is especially problematic for a film like Oppenheimer, where the dialogue is obviously very important.

I've also noticed that Nolan shot too much coverage in a lot of scenes. Instead of holding a simple master shot and then cutti",,self.TrueFilm,Christopher Nolan
Editing/directorial sloppiness? (Christopher Nolan),23,0.62,62,BorderEquivalent7169,TrueFilm,https://www.reddit.com/r/TrueFilm/comments/1nyfvd4/editingdirectorial_sloppiness_christopher_nolan/,https://reddit.com/r/TrueFilm/comments/1nyfvd4/editingdirectorial_sloppiness_christopher_nolan/,1759642228.0,True,"So, I‚Äôm kind of neutral on Nolan. I think he‚Äôs one of the better big budget directors working today but I do rate most of his movies (with one or two exceptions) lower than the general public.

Anyway, last night I rewatched Insomnia for the first time since it was in theaters way back when. I liked it but was this incredibly disoriented by a few parts, especially in the scene where Pacino and company first lure Robin Williams to the crime scene (a couple minutes before Pacino shoots his partner",,self.TrueFilm,Christopher Nolan
Who had the strongest decade; Denis Villeneuve or Christopher Nolan?,548,0.88,204,lebronjamesgoat1,TrueFilm,https://www.reddit.com/r/TrueFilm/comments/fjnfek/who_had_the_strongest_decade_denis_villeneuve_or/,https://reddit.com/r/TrueFilm/comments/fjnfek/who_had_the_strongest_decade_denis_villeneuve_or/,1584375092.0,True,"Both had amazing pictures throughout the 2010's, but who had the strongest during the last decade? Here are their respective filmography: 


**Denis Villeneuve** 

* *Incendies* (2010)

* *Prisoners* (2013)

* *Enemy* (2013)

* *Sicario* (2015)

* *Arrival* (2016)

* *Blade Runner 2049* (2017)


**Christopher Nolan**

* *Inception* (2010)

* *The Dark Knight Rises* (2012)

* *Interstellar* (2014)

* *Dunkirk* (2017) 



Honestly they're both two of the greatest creative minds in cinema of their ",,self.TrueFilm,Christopher Nolan
Christopher Nolan's post-Batman career has been far more interesting than what came before,0,0.49,141,Available-Subject-33,TrueFilm,https://www.reddit.com/r/TrueFilm/comments/1ebmkrv/christopher_nolans_postbatman_career_has_been_far/,https://reddit.com/r/TrueFilm/comments/1ebmkrv/christopher_nolans_postbatman_career_has_been_far/,1721883705.0,True,"Following Oppenheimer's big year, I recently rewatched Nolan's filmography in release order. It's a pretty common take for people on Reddit to claim that their favorite Nolan is Memento or The Prestige, and I've also heard people wishing he would go back to that mid-budget tier of filmmaking.

After seeing all of his films again, I couldn't disagree more.

While those older titles are fascinating in their own ways, cinematically they're conservative. The balance of all a movie's normal ingredien",,self.TrueFilm,Christopher Nolan
Christopher Nolan's reputation from cinephiles tanked after The Dark Knight Rises,0,0.21,114,HotOne9364,TrueFilm,https://www.reddit.com/r/TrueFilm/comments/1fe2uxf/christopher_nolans_reputation_from_cinephiles/,https://reddit.com/r/TrueFilm/comments/1fe2uxf/christopher_nolans_reputation_from_cinephiles/,1726033099.0,True,"Yes, he's had his detractors but they were more of a vocal minority. Before the release of his 2012 film, The Dark Knight Rises, his final chapter in his Batman trilogy, he was often acclaimed as ""one of the best filmmakers alive"", up there with the likes of David Fincher, Paul Thomas Anderson, Darren Aronofsky, Quentin Tarantino, etc. You couldn't be on the internet without a forum post or an article praising films like Memento, The Prestige, his first two Batman films, Inception, with Insomnia",,self.TrueFilm,Christopher Nolan
At what point did Christopher Nolans films start to go downhill?,118,0.63,208,nthroop1,TrueFilm,https://www.reddit.com/r/TrueFilm/comments/plrd1g/at_what_point_did_christopher_nolans_films_start/,https://reddit.com/r/TrueFilm/comments/plrd1g/at_what_point_did_christopher_nolans_films_start/,1631300491.0,True,"Just read an article that he'll be doing another period piece set during WWII. I mean ya I'm sure it'll be epic in scale, scored by Hans Zimmer probably, and have those grand visual elements that he always brings to the table. But in terms of writing and character development his past outputs have really fallen by the wayside.

 Interstellar, Tenet, and Inception all suffered from convoluted storylines wherein you can kind of infer what's happening but it takes work and a license for creative in",,self.TrueFilm,Christopher Nolan
10 years later: Christopher Nolan's The Dark Knight,390,0.87,119,Carlislegendary,TrueFilm,https://www.reddit.com/r/TrueFilm/comments/9bohv3/10_years_later_christopher_nolans_the_dark_knight/,https://reddit.com/r/TrueFilm/comments/9bohv3/10_years_later_christopher_nolans_the_dark_knight/,1535671499.0,True,"‚Äã

[10 years ago Nolan made a modern classic](https://preview.redd.it/1mok11qzdbj11.jpg?width=1200&amp;format=pjpg&amp;auto=webp&amp;s=d3941287fb8163b1aca85688cab1da36495e2f81)

**S**uperhero movies suck most of the time. They‚Äôre usually a special brand of generic that tell paint-by-number wish fulfillment stories yet also deviate from the source material so much it actually loses a lot of the original appeal of a property. There are certainly exceptions to the previous statement, but that is th",,self.TrueFilm,Christopher Nolan
"Christopher Nolan as a Budget Borges; Or, Why His Films are Consistently Mediocre as Films",133,0.64,170,abillionpleasesir,TrueFilm,https://www.reddit.com/r/TrueFilm/comments/ik4krk/christopher_nolan_as_a_budget_borges_or_why_his/,https://reddit.com/r/TrueFilm/comments/ik4krk/christopher_nolan_as_a_budget_borges_or_why_his/,1598901613.0,True,"After watching *Tenet* yesterday, I had the same reaction to it as virtually all of Nolan's other films: there is the kernel of an intellectually interesting idea here, but film was the wrong medium to explore it, and *this film* in particular was particularly atrocious. Too long, too unfocused, too difficult to follow, and all for no real point.

I'm not actually convinced that Nolan himself *wants* to be a filmmaker: in all of his films, there is very little character development, the narrativ",,self.TrueFilm,Christopher Nolan
Is Christopher Nolan a bad director?,193,0.84,232,Dropkickjon,TrueFilm,https://www.reddit.com/r/TrueFilm/comments/y2epd/is_christopher_nolan_a_bad_director/,https://reddit.com/r/TrueFilm/comments/y2epd/is_christopher_nolan_a_bad_director/,1344723992.0,True,"The film criticism website MUBI recently published an [excellent critical discussion about The Dark Knight Rises](http://mubi.com/notebook/posts/the-big-murk-a-conversation-about-christopher-nolans-the-dark-knight-rises). It's a long read but well worth the time investment.

Most of the participants agree that Nolan's latest Batman film is his worst movie. They frame the discussion around three major criticisms of Nolan's films: ""(1) they have a shoddy grasp of space and time, despite always bei",,self.TrueFilm,Christopher Nolan
"Love, Hope, Faith: Christopher Nolan and the Apostle Paul in Dialogue",0,0.39,12,AnimeNolanoid,TrueFilm,https://www.reddit.com/r/TrueFilm/comments/1l7z1fq/love_hope_faith_christopher_nolan_and_the_apostle/,https://reddit.com/r/TrueFilm/comments/1l7z1fq/love_hope_faith_christopher_nolan_and_the_apostle/,1749562899.0,True,"Despite being one of if not the most popular directors working today I find discussion surrounding Christopher Nolan  to be quite shallow with people arguing about the plot more than the themes of his films. A lot of people even dismiss his usage of ""time"" as a gimmick rather than the director's genuine interest in exploring how time defines our existense. Which is why I find the linked article quite refreshing because it actually engages with the themes of his films (love, hope and faith) and o",,self.TrueFilm,Christopher Nolan
No one will remember Oppenheimer and Christopher Nolan is only highly regarded for his old glorious days,0,0.38,83,Put-Easy,TrueFilm,https://www.reddit.com/r/TrueFilm/comments/159fog5/no_one_will_remember_oppenheimer_and_christopher/,https://reddit.com/r/TrueFilm/comments/159fog5/no_one_will_remember_oppenheimer_and_christopher/,1690307576.0,True,"I love Nolan's movies and I have watched many of them more than twice. He has my utter respect, even after what seems to be a decline in his career. But I can't stand in silence anymore. That's it, there I've said it. 2017 Dunkirk, 2020 Tenet and now, 2023 Oppenheimer. His last 3 movies are, despite the grand praises of obvious fans, are sub-par at best. You can see how Dunkirk and Tenet failed to withstand the test of time. Nobody cares about those movies anymore and they are irrelevant already",,self.TrueFilm,Christopher Nolan
In Defense of Christopher Nolan's Sound Mixing,6,0.53,75,splashin_deuce,TrueFilm,https://www.reddit.com/r/TrueFilm/comments/16bxho1/in_defense_of_christopher_nolans_sound_mixing/,https://reddit.com/r/TrueFilm/comments/16bxho1/in_defense_of_christopher_nolans_sound_mixing/,1694037556.0,True,"So I posted this on r/movies and it was taken down for reasons I don't understand. Also the feedback I received before the mods removed it...was not as thoughtful as I was hoping for (shocking, I know). Anyways, I'm genuinely interested in hearing what people think about this, sorry if there's Nolan fatigue out there.

&amp;#x200B;

\*Disclaimer--I have spent the last 15-20 years actively trying not to devolve into a raving Nolan-fanboy, but *Oppenheimer* kinda screwed that up for me. Have you t",,self.TrueFilm,Christopher Nolan
Is Christopher Nolan a good/great director?,110,0.75,199,ajvenigalla,TrueFilm,https://www.reddit.com/r/TrueFilm/comments/22fnuz/is_christopher_nolan_a_goodgreat_director/,https://reddit.com/r/TrueFilm/comments/22fnuz/is_christopher_nolan_a_goodgreat_director/,1396887264.0,True,"I had already seen four of Christopher Nolan's movies, ranging from *Batman Begins* to *The Dark Knight* to *The Dark Knight Rises* (all of which I loved). And then I saw *Inception*, which many consider to be Nolan's greatest film to date.

However, I felt I would like to ask one thing on this subreddit that has been asked a long time ago but hasn't been brought up recently: is Christopher Nolan a good/great director? I remember that there was a thread asking if Nolan was a *bad* director. But ",,self.TrueFilm,Christopher Nolan
The Lies (and Deaths) of Christopher Nolan,75,0.88,13,4t1tguy,TrueFilm,https://www.reddit.com/r/TrueFilm/comments/1hex5fx/the_lies_and_deaths_of_christopher_nolan/,https://reddit.com/r/TrueFilm/comments/1hex5fx/the_lies_and_deaths_of_christopher_nolan/,1734282727.0,True,"I‚Äôve noticed a major plot point in many of Nolan‚Äôs movies often revolve around lies and false realities being deployed either selfishly or selflessly. 

Memento is about a serial killer taking advantage of his faded memory and creating a completely false narrative in order to avoid confronting his role in the death of his wife. 

In The Prestige, there is a constant game of lies played between Angier, Borden, Olivia, and Sarah all in the name of one-upmanship and dedication. A film not only abou",,self.TrueFilm,Christopher Nolan
Why do people consider Christopher Nolan a great director?,108,0.71,134,darksideofanais,TrueFilm,https://www.reddit.com/r/TrueFilm/comments/4odyvk/why_do_people_consider_christopher_nolan_a_great/,https://reddit.com/r/TrueFilm/comments/4odyvk/why_do_people_consider_christopher_nolan_a_great/,1466091798.0,True,"I know this has already been the subject of a discussion a few years ago, but I can't seem to fully understand. 

I would never say he is a bad director, don't get me wrong. I would put him in the category of efficient. Visually good, but unmemorable. 

My problem with his work is the lack of style. I personnally think he is more of a man of ideas, with all his movies having a certain complexity (sometimes borderline convoluted), than a director or a screenwriter (I cannot think of a memorable l",,self.TrueFilm,Christopher Nolan
Do big name actors somewhat ruin the immersion for you?,501,0.88,290,AnomicAge,TrueFilm,https://www.reddit.com/r/TrueFilm/comments/1irps41/do_big_name_actors_somewhat_ruin_the_immersion/,https://reddit.com/r/TrueFilm/comments/1irps41/do_big_name_actors_somewhat_ruin_the_immersion/,1739814395.0,True,"A director of say Christopher Nolan or Denis Villeneuve status doesn‚Äôt need big name actors to sell a film.

Sure they‚Äôre good at what they do but they can also detract from the believability and immersion especially as we associate them with other roles or scandals and stupid shit they‚Äôve been involved in.

So why do they always have to have star studded cast? There is enough underground talent who would be happy to sign on for far cheaper as well

And why do directors get hellbent on certain a",,self.TrueFilm,Christopher Nolan
Which male directors and writers wrote women well?,308,0.84,251,MrSmithSmith,TrueFilm,https://www.reddit.com/r/TrueFilm/comments/1lgpfq6/which_male_directors_and_writers_wrote_women_well/,https://reddit.com/r/TrueFilm/comments/1lgpfq6/which_male_directors_and_writers_wrote_women_well/,1750485503.0,True,"I was watching *Belle De Jour* yesterday and found myself recoiling from the dated and extremely narrow male perspective of women's sexuality. The story leans heavily on the Madonna/Whore dichotomy and implies that some women secretly desire violent domination by grotesque and lecherous men, a dangerous idea that has done a lot of harm to a lot of women. I understand that primary focus of Bu√±uel's work was surreal criticism of bourgeois morality, and the film probably works when viewed solely th",,self.TrueFilm,Christopher Nolan
Why are Christopher Nolan films always described as confusing when exposition is such a big thing in his films?,152,0.85,89,kyomocdongdare,TrueFilm,https://www.reddit.com/r/TrueFilm/comments/3satky/why_are_christopher_nolan_films_always_described/,https://reddit.com/r/TrueFilm/comments/3satky/why_are_christopher_nolan_films_always_described/,1447178629.0,True,"I haven't seen his films in a while but this questions has been keeping me up randomly.

The first explanation I can give is, he is a very fast paced director in which his concepts are explained but digesting them is impossible as he's already moved onto the next thing.

Secondly the multilayered concepts themselves don't matter nearly as much as Nolan's exposition believes should. And so the explanation backfires to a lot of audience members - as really they simply don't need it, even if they t",,self.TrueFilm,Christopher Nolan
It surprises me that Christopher Nolan being a literature graduate doesn‚Äôt know how to do subtext in his films,16,0.55,26,pat_abh,TrueFilm,https://www.reddit.com/r/TrueFilm/comments/15gpnz1/it_surprises_me_that_christopher_nolan_being_a/,https://reddit.com/r/TrueFilm/comments/15gpnz1/it_surprises_me_that_christopher_nolan_being_a/,1691024507.0,True,"I recently read in an interview that Nolan studied literature, I can see how that translates into his writing which helps him structure the concepts he want to convey in films so effectively. But I‚Äôm surprised that he is not able to do subtext effectively in his films, or rather not so interested in it. 

This is not necessarily a bad thing, but his writing seems to be straightforward thematically, even his latest film Oppenheimer which I think is his most human doesn‚Äôt have much underlying them",,self.TrueFilm,Christopher Nolan
"Tenet: If you need to explain yourself when people complain that they can't hear the dialogue, you've failed",1677,0.96,330,prettytheft,TrueFilm,https://www.reddit.com/r/TrueFilm/comments/kfob1b/tenet_if_you_need_to_explain_yourself_when_people/,https://reddit.com/r/TrueFilm/comments/kfob1b/tenet_if_you_need_to_explain_yourself_when_people/,1608308893.0,True,"I was rooting for this film -- I was really looking forward to it. I don't know if you'd describe me as a Christopher Nolan fangirl (although you certainly could), but it was one of the movies I was most anticipating this year (number one was *Dune*). I also really love time-travel movies in general, so I was expecting a lot. My point being, I am pretty well able to follow complicated plots, and I'm generally along for the ride even if the plot doesn't do everything it promises. I am not one of ",,self.TrueFilm,Christopher Nolan
[Article Discussion] Tory Porn: The Hobbesian anti-art of Christopher Nolan,88,0.84,51,jay--mac,TrueFilm,https://www.reddit.com/r/TrueFilm/comments/6qd933/article_discussion_tory_porn_the_hobbesian/,https://reddit.com/r/TrueFilm/comments/6qd933/article_discussion_tory_porn_the_hobbesian/,1501360320.0,True,"Hey y'all -- as the title suggests, I'd like to discuss [this recent article I found in the Baffler](https://thebaffler.com/the-immediate-experience/tory-porn) (warning: minor spoilers for Nolan's filmography throughout), a left-wing journal of, among other things, cultural critique. I'm surprised it hadn't been posted here before, as I found it to be an enjoyable read and an original criticism of Nolan. The author looks at Nolan's oft-observed conservatism in light of its philosophical and poli",,self.TrueFilm,Christopher Nolan
How Christopher Nolan's obsession with realism trickles into his sound design.,35,0.69,28,plasterboard33,TrueFilm,https://www.reddit.com/r/TrueFilm/comments/t29f83/how_christopher_nolans_obsession_with_realism/,https://reddit.com/r/TrueFilm/comments/t29f83/how_christopher_nolans_obsession_with_realism/,1645916128.0,True,"Over the last couple of years many people, myself included have complained about how difficult it is to hear the dialogue in Nolan movies with Tenet being the biggest offender. While Nolan's decision to mix his movies like this is frustrating to us moviegoers, knowing him as a filmmaker it makes perfect sense as to why he would mix his movies like that. 

Throughout Nolan's career, one of the most common motifs has been realism. Even when his movies have otherworldly or fantastical premises, the",,self.TrueFilm,Christopher Nolan
"""The Day the Movies Died"" by Mark Harris, written eleven years ago, predicted the current mess of franchise films",679,0.92,301,stanleynolan,TrueFilm,https://www.reddit.com/r/TrueFilm/comments/v76ip4/the_day_the_movies_died_by_mark_harris_written/,https://reddit.com/r/TrueFilm/comments/v76ip4/the_day_the_movies_died_by_mark_harris_written/,1654633245.0,True,"([I encourage everyone here to read his essay](https://www.gq.com/story/the-day-the-movies-died-mark-harris), which I provide commentary on. It's especially relevant today considering Harris traced the current era back to *Top Gun*, the quintessential product of MBA, marketing driven content creation.)

While the streaming wars are taking up all the oxygen in the room, it would be worthwhile to see what‚Äôs changed in the medium-to-long-term, why studios are on the defensive. Author and journalist",,self.TrueFilm,Christopher Nolan
A film's plot is NOT its story,844,0.87,302,Killcode2,TrueFilm,https://www.reddit.com/r/TrueFilm/comments/nuhn91/a_films_plot_is_not_its_story/,https://reddit.com/r/TrueFilm/comments/nuhn91/a_films_plot_is_not_its_story/,1623085454.0,True,"Being on the internet long enough, I'm sure many of you have come across a genre of film criticism and observation that centers arounds things that nobody normally would have noticed. Something that the vast majority of people did not need to know in order to enjoy or dislike a film. Take for example the Indiana Jones ""story problem"" which was what inspired me to finally tackle this topic that has been bothering me for a long time.

For those that don't know what the Indiana Jones story problem ",,self.TrueFilm,Christopher Nolan
